event_time_utc,event_time_cdt,user_email,operation,file_name,driveItemId,sync_client,device_name
2026-06-22T14:01:00,2026-06-22 09:01:00 CDT,sarah.chen@contoso.example,SyncUploaded,Falcon_Acquisition_Targets.xlsx,driveitem-falcon-acquisition-targets-002,OneDrive Sync Client,Finance-Laptop01
2026-06-22T14:04:00,2026-06-22 09:04:00 CDT,linda.park@contoso.example,SyncUploaded,Board_Meeting_Notes.docx,driveitem-normal-001,OneDrive Sync Client,Employee-PC02
2026-06-22T14:05:00,2026-06-22 09:05:00 CDT,michael.lee@contoso.example,FileHydrated,Vendor_Pricing.xlsx,driveitem-normal-002,OneDrive Sync Client,Finance-Laptop01
2026-06-22T14:05:00,2026-06-22 09:05:00 CDT,maria.gomez@contoso.example,SyncDownloaded,Q3_Forecast.xlsx,driveitem-normal-004,OneDrive Sync Client,Employee-PC02
2026-06-22T14:05:00,2026-06-22 09:05:00 CDT,maria.gomez@contoso.example,SyncUploaded,Vendor_Pricing.xlsx,driveitem-normal-002,OneDrive Sync Client,Finance-Laptop01
2026-06-22T14:07:00,2026-06-22 09:07:00 CDT,maria.gomez@contoso.example,FileHydrated,Board_Meeting_Notes.docx,driveitem-normal-001,OneDrive Sync Client,Employee-PC02
2026-06-22T14:09:00,2026-06-22 09:09:00 CDT,maria.gomez@contoso.example,FileHydrated,Board_Meeting_Notes.docx,driveitem-normal-001,OneDrive Sync Client,Finance-Laptop01
2026-06-22T14:09:00,2026-06-22 09:09:00 CDT,linda.park@contoso.example,FileHydrated,Pricing_Model.xlsx,driveitem-normal-008,OneDrive Sync Client,Finance-Laptop01
2026-06-22T14:10:00,2026-06-22 09:10:00 CDT,emily.choi@contoso.example,SyncDownloaded,Due_Diligence_Checklist.pdf,driveitem-normal-005,OneDrive Sync Client,Finance-Laptop01
2026-06-22T14:10:00,2026-06-22 09:10:00 CDT,alex.ross@contoso.example,SyncDownloaded,Vendor_Pricing.xlsx,driveitem-normal-002,OneDrive Sync Client,Employee-PC01
2026-06-22T14:11:00,2026-06-22 09:11:00 CDT,linda.park@contoso.example,FileHydrated,Vendor_Pricing.xlsx,driveitem-normal-002,OneDrive Sync Client,Employee-PC02
2026-06-22T14:13:00,2026-06-22 09:13:00 CDT,alex.ross@contoso.example,SyncDownloaded,Due_Diligence_Checklist.pdf,driveitem-normal-005,OneDrive Sync Client,Finance-Laptop01
2026-06-22T14:15:00,2026-06-22 09:15:00 CDT,john.carter@contoso.example,SyncDownloaded,HR_Transition_Plan.docx,driveitem-normal-009,OneDrive Sync Client,Finance-Laptop01
2026-06-22T14:16:00,2026-06-22 09:16:00 CDT,david.kim@contoso.example,FileHydrated,Board_Meeting_Notes.docx,driveitem-normal-001,OneDrive Sync Client,Finance-Laptop01
2026-06-22T14:16:00,2026-06-22 09:16:00 CDT,david.kim@contoso.example,SyncDownloaded,Finance_Review.xlsx,driveitem-normal-006,OneDrive Sync Client,Employee-PC01
2026-06-22T14:17:00,2026-06-22 09:17:00 CDT,john.carter@contoso.example,FileHydrated,Vendor_Pricing.xlsx,driveitem-normal-002,OneDrive Sync Client,Employee-PC01
2026-06-22T14:19:00,2026-06-22 09:19:00 CDT,maria.gomez@contoso.example,SyncDownloaded,Vendor_Pricing.xlsx,driveitem-normal-002,OneDrive Sync Client,Employee-PC01
2026-06-22T14:20:00,2026-06-22 09:20:00 CDT,michael.lee@contoso.example,SyncDownloaded,Pricing_Model.xlsx,driveitem-normal-008,OneDrive Sync Client,Finance-Laptop01
2026-06-22T14:20:00,2026-06-22 09:20:00 CDT,john.carter@contoso.example,SyncUploaded,HR_Transition_Plan.docx,driveitem-normal-009,OneDrive Sync Client,Finance-Laptop01
2026-06-22T14:21:00,2026-06-22 09:21:00 CDT,maria.gomez@contoso.example,SyncUploaded,Vendor_Pricing.xlsx,driveitem-normal-002,OneDrive Sync Client,Finance-Laptop01
2026-06-22T14:22:00,2026-06-22 09:22:00 CDT,linda.park@contoso.example,SyncUploaded,Vendor_Pricing.xlsx,driveitem-normal-002,OneDrive Sync Client,Employee-PC02
2026-06-22T14:22:00,2026-06-22 09:22:00 CDT,linda.park@contoso.example,SyncUploaded,HR_Transition_Plan.docx,driveitem-normal-009,OneDrive Sync Client,Employee-PC02
2026-06-22T14:23:00,2026-06-22 09:23:00 CDT,john.carter@contoso.example,FileHydrated,Finance_Review.xlsx,driveitem-normal-006,OneDrive Sync Client,Finance-Laptop01
2026-06-22T14:23:00,2026-06-22 09:23:00 CDT,emily.choi@contoso.example,SyncUploaded,Q3_Forecast.xlsx,driveitem-normal-004,OneDrive Sync Client,Employee-PC01
2026-06-22T14:24:00,2026-06-22 09:24:00 CDT,alex.ross@contoso.example,SyncDownloaded,Integration_Timeline.docx,driveitem-normal-010,OneDrive Sync Client,Employee-PC01
2026-06-22T14:26:00,2026-06-22 09:26:00 CDT,linda.park@contoso.example,SyncDownloaded,Project_Falcon_Strategy.docx,driveitem-project-falcon-strategy-001,OneDrive Sync Client,Employee-PC02
2026-06-22T14:27:00,2026-06-22 09:27:00 CDT,john.carter@contoso.example,SyncDownloaded,Board_Meeting_Notes.docx,driveitem-normal-001,OneDrive Sync Client,Employee-PC01
2026-06-22T14:28:00,2026-06-22 09:28:00 CDT,michael.lee@contoso.example,SyncUploaded,Falcon_Acquisition_Targets.xlsx,driveitem-falcon-acquisition-targets-002,OneDrive Sync Client,Employee-PC01
2026-06-22T14:28:00,2026-06-22 09:28:00 CDT,maria.gomez@contoso.example,SyncUploaded,Falcon_Acquisition_Targets.xlsx,driveitem-falcon-acquisition-targets-002,OneDrive Sync Client,Employee-PC02
2026-06-22T14:29:00,2026-06-22 09:29:00 CDT,alex.ross@contoso.example,FileHydrated,Board_Meeting_Notes.docx,driveitem-normal-001,OneDrive Sync Client,Employee-PC01
2026-06-22T14:29:00,2026-06-22 09:29:00 CDT,john.carter@contoso.example,SyncUploaded,Finance_Review.xlsx,driveitem-normal-006,OneDrive Sync Client,Employee-PC02
2026-06-22T14:29:00,2026-06-22 09:29:00 CDT,maria.gomez@contoso.example,FileHydrated,Board_Meeting_Notes.docx,driveitem-normal-001,OneDrive Sync Client,Employee-PC02
2026-06-22T14:30:00,2026-06-22 09:30:00 CDT,david.kim@contoso.example,SyncUploaded,Q3_Forecast.xlsx,driveitem-normal-004,OneDrive Sync Client,Employee-PC02
2026-06-22T14:31:00,2026-06-22 09:31:00 CDT,sarah.chen@contoso.example,FileHydrated,Pricing_Model.xlsx,driveitem-normal-008,OneDrive Sync Client,Employee-PC01
2026-06-22T14:32:00,2026-06-22 09:32:00 CDT,emily.choi@contoso.example,SyncUploaded,Project_Falcon_Strategy.docx,driveitem-project-falcon-strategy-001,OneDrive Sync Client,Finance-Laptop01
2026-06-22T14:32:00,2026-06-22 09:32:00 CDT,john.carter@contoso.example,SyncUploaded,Executive_Bonus_Plan.docx,driveitem-normal-003,OneDrive Sync Client,Employee-PC01
2026-06-22T14:33:00,2026-06-22 09:33:00 CDT,sarah.chen@contoso.example,SyncDownloaded,Finance_Review.xlsx,driveitem-normal-006,OneDrive Sync Client,Finance-Laptop01
2026-06-22T14:33:00,2026-06-22 09:33:00 CDT,david.kim@contoso.example,SyncUploaded,Executive_Bonus_Plan.docx,driveitem-normal-003,OneDrive Sync Client,Finance-Laptop01
2026-06-22T14:34:00,2026-06-22 09:34:00 CDT,sarah.chen@contoso.example,FileHydrated,Board_Meeting_Notes.docx,driveitem-normal-001,OneDrive Sync Client,Employee-PC01
2026-06-22T14:34:00,2026-06-22 09:34:00 CDT,linda.park@contoso.example,SyncDownloaded,Due_Diligence_Checklist.pdf,driveitem-normal-005,OneDrive Sync Client,Employee-PC01
2026-06-22T14:34:00,2026-06-22 09:34:00 CDT,emily.choi@contoso.example,SyncDownloaded,Board_Meeting_Notes.docx,driveitem-normal-001,OneDrive Sync Client,Finance-Laptop01
2026-06-22T14:34:00,2026-06-22 09:34:00 CDT,maria.gomez@contoso.example,FileHydrated,Due_Diligence_Checklist.pdf,driveitem-normal-005,OneDrive Sync Client,Finance-Laptop01
2026-06-22T14:35:00,2026-06-22 09:35:00 CDT,sarah.chen@contoso.example,SyncUploaded,Integration_Timeline.docx,driveitem-normal-010,OneDrive Sync Client,Employee-PC01
2026-06-22T14:35:00,2026-06-22 09:35:00 CDT,alex.ross@contoso.example,SyncUploaded,Pricing_Model.xlsx,driveitem-normal-008,OneDrive Sync Client,Finance-Laptop01
2026-06-22T14:37:00,2026-06-22 09:37:00 CDT,emily.choi@contoso.example,SyncDownloaded,Finance_Review.xlsx,driveitem-normal-006,OneDrive Sync Client,Employee-PC01
2026-06-22T14:37:00,2026-06-22 09:37:00 CDT,michael.lee@contoso.example,SyncDownloaded,Integration_Timeline.docx,driveitem-normal-010,OneDrive Sync Client,Finance-Laptop01
2026-06-22T14:37:00,2026-06-22 09:37:00 CDT,maria.gomez@contoso.example,FileHydrated,Q3_Forecast.xlsx,driveitem-normal-004,OneDrive Sync Client,Finance-Laptop01
2026-06-22T14:38:00,2026-06-22 09:38:00 CDT,john.carter@contoso.example,SyncUploaded,Q3_Forecast.xlsx,driveitem-normal-004,OneDrive Sync Client,Employee-PC02
2026-06-22T14:38:00,2026-06-22 09:38:00 CDT,david.kim@contoso.example,SyncUploaded,Board_Meeting_Notes.docx,driveitem-normal-001,OneDrive Sync Client,Employee-PC01
2026-06-22T14:39:00,2026-06-22 09:39:00 CDT,alex.ross@contoso.example,FileHydrated,Board_Meeting_Notes.docx,driveitem-normal-001,OneDrive Sync Client,Finance-Laptop01
2026-06-22T14:39:00,2026-06-22 09:39:00 CDT,emily.choi@contoso.example,FileHydrated,Due_Diligence_Checklist.pdf,driveitem-normal-005,OneDrive Sync Client,Finance-Laptop01
2026-06-22T14:41:00,2026-06-22 09:41:00 CDT,emily.choi@contoso.example,SyncUploaded,HR_Transition_Plan.docx,driveitem-normal-009,OneDrive Sync Client,Employee-PC01
2026-06-22T14:41:00,2026-06-22 09:41:00 CDT,linda.park@contoso.example,FileHydrated,Falcon_Acquisition_Targets.xlsx,driveitem-falcon-acquisition-targets-002,OneDrive Sync Client,Employee-PC02
2026-06-22T14:44:00,2026-06-22 09:44:00 CDT,emily.choi@contoso.example,SyncDownloaded,Q3_Forecast.xlsx,driveitem-normal-004,OneDrive Sync Client,Employee-PC02
2026-06-22T14:44:00,2026-06-22 09:44:00 CDT,john.carter@contoso.example,SyncUploaded,HR_Transition_Plan.docx,driveitem-normal-009,OneDrive Sync Client,Employee-PC02
2026-06-22T14:45:00,2026-06-22 09:45:00 CDT,alex.ross@contoso.example,SyncUploaded,Customer_List.xlsx,driveitem-normal-007,OneDrive Sync Client,Employee-PC02
2026-06-22T14:46:00,2026-06-22 09:46:00 CDT,linda.park@contoso.example,SyncDownloaded,Finance_Review.xlsx,driveitem-normal-006,OneDrive Sync Client,Employee-PC01
2026-06-22T14:46:00,2026-06-22 09:46:00 CDT,maria.gomez@contoso.example,FileHydrated,Board_Meeting_Notes.docx,driveitem-normal-001,OneDrive Sync Client,Employee-PC02
2026-06-22T14:46:00,2026-06-22 09:46:00 CDT,sarah.chen@contoso.example,SyncUploaded,Customer_List.xlsx,driveitem-normal-007,OneDrive Sync Client,Employee-PC02
2026-06-22T14:47:00,2026-06-22 09:47:00 CDT,emily.choi@contoso.example,FileHydrated,Vendor_Pricing.xlsx,driveitem-normal-002,OneDrive Sync Client,Employee-PC01
2026-06-22T14:49:00,2026-06-22 09:49:00 CDT,david.kim@contoso.example,SyncDownloaded,Integration_Timeline.docx,driveitem-normal-010,OneDrive Sync Client,Employee-PC01
2026-06-22T14:49:00,2026-06-22 09:49:00 CDT,alex.ross@contoso.example,SyncDownloaded,Pricing_Model.xlsx,driveitem-normal-008,OneDrive Sync Client,Employee-PC01
2026-06-22T14:50:00,2026-06-22 09:50:00 CDT,maria.gomez@contoso.example,SyncUploaded,Due_Diligence_Checklist.pdf,driveitem-normal-005,OneDrive Sync Client,Employee-PC02
2026-06-22T14:51:00,2026-06-22 09:51:00 CDT,sarah.chen@contoso.example,FileHydrated,Pricing_Model.xlsx,driveitem-normal-008,OneDrive Sync Client,Employee-PC01
2026-06-22T14:51:00,2026-06-22 09:51:00 CDT,emily.choi@contoso.example,SyncDownloaded,Project_Falcon_Strategy.docx,driveitem-project-falcon-strategy-001,OneDrive Sync Client,Finance-Laptop01
2026-06-22T14:51:00,2026-06-22 09:51:00 CDT,michael.lee@contoso.example,SyncDownloaded,Pricing_Model.xlsx,driveitem-normal-008,OneDrive Sync Client,Employee-PC02
2026-06-22T14:52:00,2026-06-22 09:52:00 CDT,david.kim@contoso.example,SyncUploaded,Integration_Timeline.docx,driveitem-normal-010,OneDrive Sync Client,Finance-Laptop01
2026-06-22T14:52:00,2026-06-22 09:52:00 CDT,michael.lee@contoso.example,FileHydrated,Finance_Review.xlsx,driveitem-normal-006,OneDrive Sync Client,Finance-Laptop01
2026-06-22T14:53:00,2026-06-22 09:53:00 CDT,sarah.chen@contoso.example,FileHydrated,Due_Diligence_Checklist.pdf,driveitem-normal-005,OneDrive Sync Client,Employee-PC02
2026-06-22T14:54:00,2026-06-22 09:54:00 CDT,michael.lee@contoso.example,SyncDownloaded,Project_Falcon_Strategy.docx,driveitem-project-falcon-strategy-001,OneDrive Sync Client,Finance-Laptop01
2026-06-22T14:57:00,2026-06-22 09:57:00 CDT,emily.choi@contoso.example,SyncDownloaded,Pricing_Model.xlsx,driveitem-normal-008,OneDrive Sync Client,Employee-PC02
2026-06-22T14:58:00,2026-06-22 09:58:00 CDT,alex.ross@contoso.example,SyncDownloaded,Pricing_Model.xlsx,driveitem-normal-008,OneDrive Sync Client,Employee-PC01
2026-06-22T15:00:00,2026-06-22 10:00:00 CDT,sarah.chen@contoso.example,SyncDownloaded,Integration_Timeline.docx,driveitem-normal-010,OneDrive Sync Client,Employee-PC02
2026-06-22T15:00:00,2026-06-22 10:00:00 CDT,david.kim@contoso.example,SyncUploaded,Customer_List.xlsx,driveitem-normal-007,OneDrive Sync Client,Employee-PC01
2026-06-22T15:00:00,2026-06-22 10:00:00 CDT,michael.lee@contoso.example,SyncUploaded,Integration_Timeline.docx,driveitem-normal-010,OneDrive Sync Client,Employee-PC02
2026-06-22T15:00:00,2026-06-22 10:00:00 CDT,john.carter@contoso.example,SyncUploaded,Q3_Forecast.xlsx,driveitem-normal-004,OneDrive Sync Client,Employee-PC02
2026-06-22T15:03:00,2026-06-22 10:03:00 CDT,emily.choi@contoso.example,FileHydrated,Q3_Forecast.xlsx,driveitem-normal-004,OneDrive Sync Client,Employee-PC01
2026-06-22T15:04:00,2026-06-22 10:04:00 CDT,michael.lee@contoso.example,SyncUploaded,Pricing_Model.xlsx,driveitem-normal-008,OneDrive Sync Client,Finance-Laptop01
2026-06-22T15:05:00,2026-06-22 10:05:00 CDT,john.carter@contoso.example,SyncDownloaded,Integration_Timeline.docx,driveitem-normal-010,OneDrive Sync Client,Finance-Laptop01
2026-06-22T15:05:00,2026-06-22 10:05:00 CDT,david.kim@contoso.example,SyncDownloaded,Executive_Bonus_Plan.docx,driveitem-normal-003,OneDrive Sync Client,Employee-PC01
2026-06-22T15:06:00,2026-06-22 10:06:00 CDT,alex.ross@contoso.example,FileHydrated,HR_Transition_Plan.docx,driveitem-normal-009,OneDrive Sync Client,Finance-Laptop01
2026-06-22T15:08:00,2026-06-22 10:08:00 CDT,john.carter@contoso.example,SyncDownloaded,Integration_Timeline.docx,driveitem-normal-010,OneDrive Sync Client,Employee-PC01
2026-06-22T15:08:00,2026-06-22 10:08:00 CDT,linda.park@contoso.example,SyncUploaded,Integration_Timeline.docx,driveitem-normal-010,OneDrive Sync Client,Employee-PC02
2026-06-22T15:11:00,2026-06-22 10:11:00 CDT,alex.ross@contoso.example,SyncDownloaded,Integration_Timeline.docx,driveitem-normal-010,OneDrive Sync Client,Employee-PC01
2026-06-22T15:11:00,2026-06-22 10:11:00 CDT,michael.lee@contoso.example,SyncUploaded,Executive_Bonus_Plan.docx,driveitem-normal-003,OneDrive Sync Client,Employee-PC01
2026-06-22T15:12:00,2026-06-22 10:12:00 CDT,michael.lee@contoso.example,SyncDownloaded,Finance_Review.xlsx,driveitem-normal-006,OneDrive Sync Client,Employee-PC02
2026-06-22T15:12:00,2026-06-22 10:12:00 CDT,maria.gomez@contoso.example,SyncUploaded,Project_Falcon_Strategy.docx,driveitem-project-falcon-strategy-001,OneDrive Sync Client,Employee-PC02
2026-06-22T15:13:00,2026-06-22 10:13:00 CDT,john.carter@contoso.example,SyncDownloaded,Due_Diligence_Checklist.pdf,driveitem-normal-005,OneDrive Sync Client,Finance-Laptop01
2026-06-22T15:13:00,2026-06-22 10:13:00 CDT,michael.lee@contoso.example,SyncDownloaded,Falcon_Acquisition_Targets.xlsx,driveitem-falcon-acquisition-targets-002,OneDrive Sync Client,Employee-PC01
2026-06-22T15:15:00,2026-06-22 10:15:00 CDT,emily.choi@contoso.example,FileHydrated,Pricing_Model.xlsx,driveitem-normal-008,OneDrive Sync Client,Finance-Laptop01
2026-06-22T15:15:00,2026-06-22 10:15:00 CDT,michael.lee@contoso.example,SyncDownloaded,Project_Falcon_Strategy.docx,driveitem-project-falcon-strategy-001,OneDrive Sync Client,Finance-Laptop01
2026-06-22T15:17:00,2026-06-22 10:17:00 CDT,alex.ross@contoso.example,SyncUploaded,Pricing_Model.xlsx,driveitem-normal-008,OneDrive Sync Client,Finance-Laptop01
2026-06-22T15:17:00,2026-06-22 10:17:00 CDT,sarah.chen@contoso.example,SyncUploaded,Board_Meeting_Notes.docx,driveitem-normal-001,OneDrive Sync Client,Employee-PC01
2026-06-22T15:18:00,2026-06-22 10:18:00 CDT,sarah.chen@contoso.example,SyncUploaded,Pricing_Model.xlsx,driveitem-normal-008,OneDrive Sync Client,Finance-Laptop01
2026-06-22T15:18:00,2026-06-22 10:18:00 CDT,david.kim@contoso.example,SyncUploaded,Executive_Bonus_Plan.docx,driveitem-normal-003,OneDrive Sync Client,Employee-PC01
2026-06-22T15:19:00,2026-06-22 10:19:00 CDT,michael.lee@contoso.example,SyncUploaded,Project_Falcon_Strategy.docx,driveitem-project-falcon-strategy-001,OneDrive Sync Client,Finance-Laptop01
2026-06-22T15:20:00,2026-06-22 10:20:00 CDT,michael.lee@contoso.example,FileHydrated,Integration_Timeline.docx,driveitem-normal-010,OneDrive Sync Client,Employee-PC02
2026-06-22T15:20:00,2026-06-22 10:20:00 CDT,sarah.chen@contoso.example,SyncDownloaded,HR_Transition_Plan.docx,driveitem-normal-009,OneDrive Sync Client,Finance-Laptop01
2026-06-22T15:21:00,2026-06-22 10:21:00 CDT,john.carter@contoso.example,FileHydrated,Integration_Timeline.docx,driveitem-normal-010,OneDrive Sync Client,Employee-PC02
2026-06-22T15:21:00,2026-06-22 10:21:00 CDT,linda.park@contoso.example,SyncUploaded,Falcon_Acquisition_Targets.xlsx,driveitem-falcon-acquisition-targets-002,OneDrive Sync Client,Employee-PC02
2026-06-22T15:25:00,2026-06-22 10:25:00 CDT,alex.ross@contoso.example,FileHydrated,Customer_List.xlsx,driveitem-normal-007,OneDrive Sync Client,Finance-Laptop01
2026-06-22T15:26:00,2026-06-22 10:26:00 CDT,john.carter@contoso.example,FileHydrated,Executive_Bonus_Plan.docx,driveitem-normal-003,OneDrive Sync Client,Employee-PC02
2026-06-22T15:26:00,2026-06-22 10:26:00 CDT,emily.choi@contoso.example,SyncDownloaded,Executive_Bonus_Plan.docx,driveitem-normal-003,OneDrive Sync Client,Employee-PC02
2026-06-22T15:28:00,2026-06-22 10:28:00 CDT,alex.ross@contoso.example,SyncDownloaded,Executive_Bonus_Plan.docx,driveitem-normal-003,OneDrive Sync Client,Finance-Laptop01
2026-06-22T15:28:00,2026-06-22 10:28:00 CDT,emily.choi@contoso.example,FileHydrated,Vendor_Pricing.xlsx,driveitem-normal-002,OneDrive Sync Client,Employee-PC02
2026-06-22T15:29:00,2026-06-22 10:29:00 CDT,sarah.chen@contoso.example,SyncUploaded,Board_Meeting_Notes.docx,driveitem-normal-001,OneDrive Sync Client,Finance-Laptop01
2026-06-22T15:30:00,2026-06-22 10:30:00 CDT,john.carter@contoso.example,SyncUploaded,Executive_Bonus_Plan.docx,driveitem-normal-003,OneDrive Sync Client,Finance-Laptop01
2026-06-22T15:30:00,2026-06-22 10:30:00 CDT,alex.ross@contoso.example,SyncUploaded,Due_Diligence_Checklist.pdf,driveitem-normal-005,OneDrive Sync Client,Employee-PC01
2026-06-22T15:31:00,2026-06-22 10:31:00 CDT,michael.lee@contoso.example,SyncDownloaded,Falcon_Acquisition_Targets.xlsx,driveitem-falcon-acquisition-targets-002,OneDrive Sync Client,Employee-PC02
2026-06-22T15:32:00,2026-06-22 10:32:00 CDT,alex.ross@contoso.example,SyncDownloaded,Pricing_Model.xlsx,driveitem-normal-008,OneDrive Sync Client,Employee-PC01
2026-06-22T15:34:00,2026-06-22 10:34:00 CDT,sarah.chen@contoso.example,SyncUploaded,Project_Falcon_Strategy.docx,driveitem-project-falcon-strategy-001,OneDrive Sync Client,Employee-PC02
2026-06-22T15:34:00,2026-06-22 10:34:00 CDT,sarah.chen@contoso.example,SyncUploaded,Executive_Bonus_Plan.docx,driveitem-normal-003,OneDrive Sync Client,Finance-Laptop01
2026-06-22T15:35:00,2026-06-22 10:35:00 CDT,emily.choi@contoso.example,SyncDownloaded,Board_Meeting_Notes.docx,driveitem-normal-001,OneDrive Sync Client,Employee-PC02
2026-06-22T15:35:00,2026-06-22 10:35:00 CDT,john.carter@contoso.example,SyncDownloaded,HR_Transition_Plan.docx,driveitem-normal-009,OneDrive Sync Client,Employee-PC01
2026-06-22T15:35:00,2026-06-22 10:35:00 CDT,sarah.chen@contoso.example,SyncDownloaded,Falcon_Acquisition_Targets.xlsx,driveitem-falcon-acquisition-targets-002,OneDrive Sync Client,Finance-Laptop01
2026-06-22T15:37:00,2026-06-22 10:37:00 CDT,linda.park@contoso.example,SyncDownloaded,Vendor_Pricing.xlsx,driveitem-normal-002,OneDrive Sync Client,Employee-PC02
2026-06-22T15:38:00,2026-06-22 10:38:00 CDT,michael.lee@contoso.example,FileHydrated,Due_Diligence_Checklist.pdf,driveitem-normal-005,OneDrive Sync Client,Finance-Laptop01
2026-06-22T15:38:00,2026-06-22 10:38:00 CDT,alex.ross@contoso.example,FileHydrated,Due_Diligence_Checklist.pdf,driveitem-normal-005,OneDrive Sync Client,Employee-PC01
2026-06-22T15:41:00,2026-06-22 10:41:00 CDT,linda.park@contoso.example,SyncDownloaded,Executive_Bonus_Plan.docx,driveitem-normal-003,OneDrive Sync Client,Employee-PC02
2026-06-22T15:41:00,2026-06-22 10:41:00 CDT,sarah.chen@contoso.example,FileHydrated,Customer_List.xlsx,driveitem-normal-007,OneDrive Sync Client,Employee-PC01
2026-06-22T15:42:00,2026-06-22 10:42:00 CDT,david.kim@contoso.example,SyncDownloaded,Integration_Timeline.docx,driveitem-normal-010,OneDrive Sync Client,Employee-PC02
2026-06-22T15:42:00,2026-06-22 10:42:00 CDT,sarah.chen@contoso.example,FileHydrated,Q3_Forecast.xlsx,driveitem-normal-004,OneDrive Sync Client,Finance-Laptop01
2026-06-22T15:42:00,2026-06-22 10:42:00 CDT,michael.lee@contoso.example,FileHydrated,Due_Diligence_Checklist.pdf,driveitem-normal-005,OneDrive Sync Client,Finance-Laptop01
2026-06-22T15:42:00,2026-06-22 10:42:00 CDT,michael.lee@contoso.example,SyncUploaded,Pricing_Model.xlsx,driveitem-normal-008,OneDrive Sync Client,Finance-Laptop01
2026-06-22T15:43:00,2026-06-22 10:43:00 CDT,maria.gomez@contoso.example,SyncDownloaded,Pricing_Model.xlsx,driveitem-normal-008,OneDrive Sync Client,Employee-PC02
2026-06-22T15:44:00,2026-06-22 10:44:00 CDT,linda.park@contoso.example,SyncUploaded,Due_Diligence_Checklist.pdf,driveitem-normal-005,OneDrive Sync Client,Employee-PC01
2026-06-22T15:45:00,2026-06-22 10:45:00 CDT,john.carter@contoso.example,FileHydrated,Finance_Review.xlsx,driveitem-normal-006,OneDrive Sync Client,Employee-PC01
2026-06-22T15:45:00,2026-06-22 10:45:00 CDT,michael.lee@contoso.example,SyncDownloaded,Finance_Review.xlsx,driveitem-normal-006,OneDrive Sync Client,Finance-Laptop01
2026-06-22T15:45:00,2026-06-22 10:45:00 CDT,michael.lee@contoso.example,FileHydrated,Vendor_Pricing.xlsx,driveitem-normal-002,OneDrive Sync Client,Finance-Laptop01
2026-06-22T15:46:00,2026-06-22 10:46:00 CDT,maria.gomez@contoso.example,SyncDownloaded,Finance_Review.xlsx,driveitem-normal-006,OneDrive Sync Client,Employee-PC02
2026-06-22T15:46:00,2026-06-22 10:46:00 CDT,sarah.chen@contoso.example,SyncDownloaded,Pricing_Model.xlsx,driveitem-normal-008,OneDrive Sync Client,Finance-Laptop01
2026-06-22T15:47:00,2026-06-22 10:47:00 CDT,john.carter@contoso.example,SyncDownloaded,Pricing_Model.xlsx,driveitem-normal-008,OneDrive Sync Client,Employee-PC01
2026-06-22T15:48:00,2026-06-22 10:48:00 CDT,sarah.chen@contoso.example,SyncUploaded,Falcon_Acquisition_Targets.xlsx,driveitem-falcon-acquisition-targets-002,OneDrive Sync Client,Employee-PC01
2026-06-22T15:48:00,2026-06-22 10:48:00 CDT,david.kim@contoso.example,SyncDownloaded,Pricing_Model.xlsx,driveitem-normal-008,OneDrive Sync Client,Employee-PC01
2026-06-22T15:48:00,2026-06-22 10:48:00 CDT,maria.gomez@contoso.example,FileHydrated,Vendor_Pricing.xlsx,driveitem-normal-002,OneDrive Sync Client,Employee-PC02
2026-06-22T15:49:00,2026-06-22 10:49:00 CDT,john.carter@contoso.example,FileHydrated,Vendor_Pricing.xlsx,driveitem-normal-002,OneDrive Sync Client,Employee-PC02
2026-06-22T15:49:00,2026-06-22 10:49:00 CDT,john.carter@contoso.example,FileHydrated,Due_Diligence_Checklist.pdf,driveitem-normal-005,OneDrive Sync Client,Employee-PC01
2026-06-22T15:50:00,2026-06-22 10:50:00 CDT,alex.ross@contoso.example,SyncUploaded,Project_Falcon_Strategy.docx,driveitem-project-falcon-strategy-001,OneDrive Sync Client,Employee-PC02
2026-06-22T15:50:00,2026-06-22 10:50:00 CDT,david.kim@contoso.example,SyncDownloaded,Q3_Forecast.xlsx,driveitem-normal-004,OneDrive Sync Client,Finance-Laptop01
2026-06-22T15:50:00,2026-06-22 10:50:00 CDT,david.kim@contoso.example,SyncUploaded,Vendor_Pricing.xlsx,driveitem-normal-002,OneDrive Sync Client,Finance-Laptop01
2026-06-22T15:51:00,2026-06-22 10:51:00 CDT,alex.ross@contoso.example,FileHydrated,Executive_Bonus_Plan.docx,driveitem-normal-003,OneDrive Sync Client,Employee-PC02
2026-06-22T15:51:00,2026-06-22 10:51:00 CDT,michael.lee@contoso.example,SyncUploaded,Vendor_Pricing.xlsx,driveitem-normal-002,OneDrive Sync Client,Employee-PC02
2026-06-22T15:51:00,2026-06-22 10:51:00 CDT,michael.lee@contoso.example,SyncDownloaded,Vendor_Pricing.xlsx,driveitem-normal-002,OneDrive Sync Client,Employee-PC01
2026-06-22T15:51:00,2026-06-22 10:51:00 CDT,john.carter@contoso.example,SyncUploaded,HR_Transition_Plan.docx,driveitem-normal-009,OneDrive Sync Client,Employee-PC02
2026-06-22T15:51:00,2026-06-22 10:51:00 CDT,david.kim@contoso.example,SyncUploaded,Project_Falcon_Strategy.docx,driveitem-project-falcon-strategy-001,OneDrive Sync Client,Employee-PC02
2026-06-22T15:51:00,2026-06-22 10:51:00 CDT,maria.gomez@contoso.example,SyncDownloaded,Board_Meeting_Notes.docx,driveitem-normal-001,OneDrive Sync Client,Finance-Laptop01
2026-06-22T15:52:00,2026-06-22 10:52:00 CDT,alex.ross@contoso.example,SyncUploaded,Due_Diligence_Checklist.pdf,driveitem-normal-005,OneDrive Sync Client,Employee-PC01
2026-06-22T15:55:00,2026-06-22 10:55:00 CDT,linda.park@contoso.example,SyncDownloaded,Finance_Review.xlsx,driveitem-normal-006,OneDrive Sync Client,Employee-PC02
2026-06-22T15:57:00,2026-06-22 10:57:00 CDT,linda.park@contoso.example,FileHydrated,Falcon_Acquisition_Targets.xlsx,driveitem-falcon-acquisition-targets-002,OneDrive Sync Client,Finance-Laptop01
2026-06-22T15:58:00,2026-06-22 10:58:00 CDT,maria.gomez@contoso.example,SyncUploaded,Falcon_Acquisition_Targets.xlsx,driveitem-falcon-acquisition-targets-002,OneDrive Sync Client,Employee-PC01
2026-06-22T15:58:00,2026-06-22 10:58:00 CDT,linda.park@contoso.example,SyncDownloaded,Pricing_Model.xlsx,driveitem-normal-008,OneDrive Sync Client,Finance-Laptop01
2026-06-22T15:58:00,2026-06-22 10:58:00 CDT,david.kim@contoso.example,FileHydrated,Project_Falcon_Strategy.docx,driveitem-project-falcon-strategy-001,OneDrive Sync Client,Finance-Laptop01
2026-06-22T16:00:00,2026-06-22 11:00:00 CDT,emily.choi@contoso.example,SyncDownloaded,Vendor_Pricing.xlsx,driveitem-normal-002,OneDrive Sync Client,Employee-PC01
2026-06-22T16:00:00,2026-06-22 11:00:00 CDT,john.carter@contoso.example,SyncDownloaded,Integration_Timeline.docx,driveitem-normal-010,OneDrive Sync Client,Employee-PC02
2026-06-22T16:00:00,2026-06-22 11:00:00 CDT,linda.park@contoso.example,SyncDownloaded,Falcon_Acquisition_Targets.xlsx,driveitem-falcon-acquisition-targets-002,OneDrive Sync Client,Finance-Laptop01
2026-06-22T16:00:00,2026-06-22 11:00:00 CDT,alex.ross@contoso.example,FileHydrated,Executive_Bonus_Plan.docx,driveitem-normal-003,OneDrive Sync Client,Employee-PC02
2026-06-22T16:00:00,2026-06-22 11:00:00 CDT,john.carter@contoso.example,SyncUploaded,Finance_Review.xlsx,driveitem-normal-006,OneDrive Sync Client,Employee-PC02
2026-06-22T16:00:00,2026-06-22 11:00:00 CDT,maria.gomez@contoso.example,FileHydrated,Due_Diligence_Checklist.pdf,driveitem-normal-005,OneDrive Sync Client,Employee-PC02
2026-06-22T16:02:00,2026-06-22 11:02:00 CDT,emily.choi@contoso.example,FileHydrated,Finance_Review.xlsx,driveitem-normal-006,OneDrive Sync Client,Employee-PC02
2026-06-22T16:03:00,2026-06-22 11:03:00 CDT,maria.gomez@contoso.example,FileHydrated,Project_Falcon_Strategy.docx,driveitem-project-falcon-strategy-001,OneDrive Sync Client,Employee-PC01
2026-06-22T16:05:00,2026-06-22 11:05:00 CDT,david.kim@contoso.example,SyncUploaded,Falcon_Acquisition_Targets.xlsx,driveitem-falcon-acquisition-targets-002,OneDrive Sync Client,Employee-PC01
2026-06-22T16:05:00,2026-06-22 11:05:00 CDT,emily.choi@contoso.example,FileHydrated,Customer_List.xlsx,driveitem-normal-007,OneDrive Sync Client,Finance-Laptop01
2026-06-22T16:05:00,2026-06-22 11:05:00 CDT,linda.park@contoso.example,SyncDownloaded,Vendor_Pricing.xlsx,driveitem-normal-002,OneDrive Sync Client,Employee-PC02
2026-06-22T16:06:00,2026-06-22 11:06:00 CDT,emily.choi@contoso.example,FileHydrated,Finance_Review.xlsx,driveitem-normal-006,OneDrive Sync Client,Finance-Laptop01
2026-06-22T16:06:00,2026-06-22 11:06:00 CDT,linda.park@contoso.example,FileHydrated,Integration_Timeline.docx,driveitem-normal-010,OneDrive Sync Client,Finance-Laptop01
2026-06-22T16:06:00,2026-06-22 11:06:00 CDT,michael.lee@contoso.example,SyncUploaded,Finance_Review.xlsx,driveitem-normal-006,OneDrive Sync Client,Employee-PC01
2026-06-22T16:08:00,2026-06-22 11:08:00 CDT,david.kim@contoso.example,FileHydrated,Q3_Forecast.xlsx,driveitem-normal-004,OneDrive Sync Client,Finance-Laptop01
2026-06-22T16:09:00,2026-06-22 11:09:00 CDT,alex.ross@contoso.example,SyncDownloaded,Vendor_Pricing.xlsx,driveitem-normal-002,OneDrive Sync Client,Finance-Laptop01
2026-06-22T16:09:00,2026-06-22 11:09:00 CDT,linda.park@contoso.example,SyncDownloaded,Integration_Timeline.docx,driveitem-normal-010,OneDrive Sync Client,Employee-PC02
2026-06-22T16:09:00,2026-06-22 11:09:00 CDT,alex.ross@contoso.example,FileHydrated,Q3_Forecast.xlsx,driveitem-normal-004,OneDrive Sync Client,Finance-Laptop01
2026-06-22T16:11:00,2026-06-22 11:11:00 CDT,linda.park@contoso.example,SyncUploaded,Q3_Forecast.xlsx,driveitem-normal-004,OneDrive Sync Client,Employee-PC02
2026-06-22T16:13:00,2026-06-22 11:13:00 CDT,john.carter@contoso.example,SyncDownloaded,Project_Falcon_Strategy.docx,driveitem-project-falcon-strategy-001,OneDrive Sync Client,Employee-PC02
2026-06-22T16:13:00,2026-06-22 11:13:00 CDT,sarah.chen@contoso.example,SyncUploaded,Project_Falcon_Strategy.docx,driveitem-project-falcon-strategy-001,OneDrive Sync Client,Employee-PC01
2026-06-22T16:14:00,2026-06-22 11:14:00 CDT,michael.lee@contoso.example,FileHydrated,Customer_List.xlsx,driveitem-normal-007,OneDrive Sync Client,Employee-PC02
2026-06-22T16:15:00,2026-06-22 11:15:00 CDT,sarah.chen@contoso.example,FileHydrated,Project_Falcon_Strategy.docx,driveitem-project-falcon-strategy-001,OneDrive Sync Client,Employee-PC01
2026-06-22T16:16:00,2026-06-22 11:16:00 CDT,linda.park@contoso.example,FileHydrated,Integration_Timeline.docx,driveitem-normal-010,OneDrive Sync Client,Finance-Laptop01
2026-06-22T16:16:00,2026-06-22 11:16:00 CDT,michael.lee@contoso.example,SyncDownloaded,Q3_Forecast.xlsx,driveitem-normal-004,OneDrive Sync Client,Employee-PC01
2026-06-22T16:18:44,2026-06-22 11:18:44 CDT,john.carter@contoso.example,SyncDownloaded,Falcon_Acquisition_Targets.xlsx,driveitem-falcon-acquisition-targets-002,OneDrive Sync Client,Employee-PC01
2026-06-22T16:20:00,2026-06-22 11:20:00 CDT,john.carter@contoso.example,FileHydrated,Executive_Bonus_Plan.docx,driveitem-normal-003,OneDrive Sync Client,Employee-PC02
2026-06-22T16:22:00,2026-06-22 11:22:00 CDT,john.carter@contoso.example,SyncDownloaded,Board_Meeting_Notes.docx,driveitem-normal-001,OneDrive Sync Client,Employee-PC01
2026-06-22T16:23:00,2026-06-22 11:23:00 CDT,john.carter@contoso.example,FileHydrated,Falcon_Acquisition_Targets.xlsx,driveitem-falcon-acquisition-targets-002,OneDrive Sync Client,Employee-PC02
2026-06-22T16:25:00,2026-06-22 11:25:00 CDT,emily.choi@contoso.example,SyncUploaded,Executive_Bonus_Plan.docx,driveitem-normal-003,OneDrive Sync Client,Employee-PC02
2026-06-22T16:25:00,2026-06-22 11:25:00 CDT,michael.lee@contoso.example,FileHydrated,Project_Falcon_Strategy.docx,driveitem-project-falcon-strategy-001,OneDrive Sync Client,Finance-Laptop01
2026-06-22T16:25:00,2026-06-22 11:25:00 CDT,michael.lee@contoso.example,SyncDownloaded,HR_Transition_Plan.docx,driveitem-normal-009,OneDrive Sync Client,Employee-PC01
2026-06-22T16:25:00,2026-06-22 11:25:00 CDT,alex.ross@contoso.example,SyncDownloaded,Due_Diligence_Checklist.pdf,driveitem-normal-005,OneDrive Sync Client,Finance-Laptop01
2026-06-22T16:25:00,2026-06-22 11:25:00 CDT,john.carter@contoso.example,SyncDownloaded,Customer_List.xlsx,driveitem-normal-007,OneDrive Sync Client,Employee-PC01
2026-06-22T16:26:00,2026-06-22 11:26:00 CDT,alex.ross@contoso.example,FileHydrated,Customer_List.xlsx,driveitem-normal-007,OneDrive Sync Client,Employee-PC01
2026-06-22T16:28:00,2026-06-22 11:28:00 CDT,maria.gomez@contoso.example,SyncDownloaded,Board_Meeting_Notes.docx,driveitem-normal-001,OneDrive Sync Client,Employee-PC02
2026-06-22T16:28:00,2026-06-22 11:28:00 CDT,emily.choi@contoso.example,SyncUploaded,Executive_Bonus_Plan.docx,driveitem-normal-003,OneDrive Sync Client,Finance-Laptop01
2026-06-22T16:29:00,2026-06-22 11:29:00 CDT,michael.lee@contoso.example,SyncUploaded,Project_Falcon_Strategy.docx,driveitem-project-falcon-strategy-001,OneDrive Sync Client,Employee-PC01
2026-06-22T16:29:00,2026-06-22 11:29:00 CDT,john.carter@contoso.example,FileHydrated,Q3_Forecast.xlsx,driveitem-normal-004,OneDrive Sync Client,Finance-Laptop01
2026-06-22T16:30:00,2026-06-22 11:30:00 CDT,michael.lee@contoso.example,FileHydrated,Executive_Bonus_Plan.docx,driveitem-normal-003,OneDrive Sync Client,Employee-PC01
2026-06-22T16:31:00,2026-06-22 11:31:00 CDT,linda.park@contoso.example,SyncDownloaded,Due_Diligence_Checklist.pdf,driveitem-normal-005,OneDrive Sync Client,Employee-PC02
2026-06-22T16:31:00,2026-06-22 11:31:00 CDT,maria.gomez@contoso.example,SyncDownloaded,Board_Meeting_Notes.docx,driveitem-normal-001,OneDrive Sync Client,Employee-PC02
2026-06-22T16:31:00,2026-06-22 11:31:00 CDT,alex.ross@contoso.example,SyncUploaded,Vendor_Pricing.xlsx,driveitem-normal-002,OneDrive Sync Client,Employee-PC01
2026-06-22T16:32:00,2026-06-22 11:32:00 CDT,sarah.chen@contoso.example,SyncUploaded,Customer_List.xlsx,driveitem-normal-007,OneDrive Sync Client,Employee-PC02
2026-06-22T16:33:00,2026-06-22 11:33:00 CDT,linda.park@contoso.example,SyncUploaded,Q3_Forecast.xlsx,driveitem-normal-004,OneDrive Sync Client,Employee-PC01
2026-06-22T16:34:00,2026-06-22 11:34:00 CDT,sarah.chen@contoso.example,SyncDownloaded,Due_Diligence_Checklist.pdf,driveitem-normal-005,OneDrive Sync Client,Employee-PC02
2026-06-22T16:34:00,2026-06-22 11:34:00 CDT,michael.lee@contoso.example,SyncDownloaded,Falcon_Acquisition_Targets.xlsx,driveitem-falcon-acquisition-targets-002,OneDrive Sync Client,Finance-Laptop01
2026-06-22T16:38:00,2026-06-22 11:38:00 CDT,emily.choi@contoso.example,SyncUploaded,Executive_Bonus_Plan.docx,driveitem-normal-003,OneDrive Sync Client,Employee-PC01
2026-06-22T16:38:00,2026-06-22 11:38:00 CDT,emily.choi@contoso.example,SyncUploaded,Customer_List.xlsx,driveitem-normal-007,OneDrive Sync Client,Employee-PC01
2026-06-22T16:39:00,2026-06-22 11:39:00 CDT,sarah.chen@contoso.example,SyncUploaded,Integration_Timeline.docx,driveitem-normal-010,OneDrive Sync Client,Finance-Laptop01
2026-06-22T16:39:00,2026-06-22 11:39:00 CDT,alex.ross@contoso.example,SyncUploaded,Due_Diligence_Checklist.pdf,driveitem-normal-005,OneDrive Sync Client,Employee-PC01
2026-06-22T16:40:00,2026-06-22 11:40:00 CDT,david.kim@contoso.example,SyncDownloaded,Board_Meeting_Notes.docx,driveitem-normal-001,OneDrive Sync Client,Employee-PC02
2026-06-22T16:43:00,2026-06-22 11:43:00 CDT,linda.park@contoso.example,SyncUploaded,Due_Diligence_Checklist.pdf,driveitem-normal-005,OneDrive Sync Client,Finance-Laptop01
2026-06-22T16:45:00,2026-06-22 11:45:00 CDT,john.carter@contoso.example,FileHydrated,Integration_Timeline.docx,driveitem-normal-010,OneDrive Sync Client,Finance-Laptop01
2026-06-22T16:45:00,2026-06-22 11:45:00 CDT,sarah.chen@contoso.example,SyncDownloaded,HR_Transition_Plan.docx,driveitem-normal-009,OneDrive Sync Client,Employee-PC02
2026-06-22T16:47:00,2026-06-22 11:47:00 CDT,michael.lee@contoso.example,SyncDownloaded,Integration_Timeline.docx,driveitem-normal-010,OneDrive Sync Client,Finance-Laptop01
2026-06-22T16:48:00,2026-06-22 11:48:00 CDT,maria.gomez@contoso.example,SyncDownloaded,Pricing_Model.xlsx,driveitem-normal-008,OneDrive Sync Client,Finance-Laptop01
2026-06-22T16:49:00,2026-06-22 11:49:00 CDT,maria.gomez@contoso.example,SyncUploaded,Pricing_Model.xlsx,driveitem-normal-008,OneDrive Sync Client,Employee-PC02
2026-06-22T16:50:00,2026-06-22 11:50:00 CDT,sarah.chen@contoso.example,SyncUploaded,Board_Meeting_Notes.docx,driveitem-normal-001,OneDrive Sync Client,Finance-Laptop01
2026-06-22T16:50:00,2026-06-22 11:50:00 CDT,linda.park@contoso.example,SyncDownloaded,Integration_Timeline.docx,driveitem-normal-010,OneDrive Sync Client,Finance-Laptop01
2026-06-22T16:51:00,2026-06-22 11:51:00 CDT,sarah.chen@contoso.example,SyncDownloaded,Project_Falcon_Strategy.docx,driveitem-project-falcon-strategy-001,OneDrive Sync Client,Finance-Laptop01
2026-06-22T16:51:00,2026-06-22 11:51:00 CDT,maria.gomez@contoso.example,FileHydrated,Finance_Review.xlsx,driveitem-normal-006,OneDrive Sync Client,Employee-PC01
2026-06-22T16:52:00,2026-06-22 11:52:00 CDT,sarah.chen@contoso.example,SyncDownloaded,Pricing_Model.xlsx,driveitem-normal-008,OneDrive Sync Client,Employee-PC02
2026-06-22T16:53:00,2026-06-22 11:53:00 CDT,sarah.chen@contoso.example,SyncDownloaded,HR_Transition_Plan.docx,driveitem-normal-009,OneDrive Sync Client,Employee-PC01
2026-06-22T16:53:00,2026-06-22 11:53:00 CDT,linda.park@contoso.example,SyncUploaded,Q3_Forecast.xlsx,driveitem-normal-004,OneDrive Sync Client,Employee-PC02
2026-06-22T16:53:00,2026-06-22 11:53:00 CDT,alex.ross@contoso.example,SyncUploaded,Vendor_Pricing.xlsx,driveitem-normal-002,OneDrive Sync Client,Employee-PC02
2026-06-22T16:54:00,2026-06-22 11:54:00 CDT,maria.gomez@contoso.example,SyncDownloaded,HR_Transition_Plan.docx,driveitem-normal-009,OneDrive Sync Client,Employee-PC02
2026-06-22T16:54:00,2026-06-22 11:54:00 CDT,sarah.chen@contoso.example,SyncDownloaded,Project_Falcon_Strategy.docx,driveitem-project-falcon-strategy-001,OneDrive Sync Client,Employee-PC02
2026-06-22T16:55:00,2026-06-22 11:55:00 CDT,michael.lee@contoso.example,SyncDownloaded,HR_Transition_Plan.docx,driveitem-normal-009,OneDrive Sync Client,Finance-Laptop01
2026-06-22T16:55:00,2026-06-22 11:55:00 CDT,linda.park@contoso.example,FileHydrated,Q3_Forecast.xlsx,driveitem-normal-004,OneDrive Sync Client,Employee-PC02
2026-06-22T16:56:00,2026-06-22 11:56:00 CDT,sarah.chen@contoso.example,FileHydrated,Finance_Review.xlsx,driveitem-normal-006,OneDrive Sync Client,Finance-Laptop01
2026-06-22T16:56:00,2026-06-22 11:56:00 CDT,sarah.chen@contoso.example,SyncDownloaded,HR_Transition_Plan.docx,driveitem-normal-009,OneDrive Sync Client,Employee-PC02
2026-06-22T16:56:00,2026-06-22 11:56:00 CDT,linda.park@contoso.example,SyncDownloaded,Project_Falcon_Strategy.docx,driveitem-project-falcon-strategy-001,OneDrive Sync Client,Employee-PC01
2026-06-22T16:58:00,2026-06-22 11:58:00 CDT,michael.lee@contoso.example,SyncUploaded,Executive_Bonus_Plan.docx,driveitem-normal-003,OneDrive Sync Client,Employee-PC01
2026-06-22T16:58:00,2026-06-22 11:58:00 CDT,michael.lee@contoso.example,SyncDownloaded,HR_Transition_Plan.docx,driveitem-normal-009,OneDrive Sync Client,Employee-PC02
2026-06-22T16:59:00,2026-06-22 11:59:00 CDT,michael.lee@contoso.example,SyncDownloaded,Pricing_Model.xlsx,driveitem-normal-008,OneDrive Sync Client,Employee-PC01
2026-06-22T17:02:00,2026-06-22 12:02:00 CDT,maria.gomez@contoso.example,FileHydrated,Project_Falcon_Strategy.docx,driveitem-project-falcon-strategy-001,OneDrive Sync Client,Finance-Laptop01
2026-06-22T17:02:00,2026-06-22 12:02:00 CDT,michael.lee@contoso.example,FileHydrated,Executive_Bonus_Plan.docx,driveitem-normal-003,OneDrive Sync Client,Finance-Laptop01
2026-06-22T17:02:00,2026-06-22 12:02:00 CDT,linda.park@contoso.example,FileHydrated,Customer_List.xlsx,driveitem-normal-007,OneDrive Sync Client,Finance-Laptop01
2026-06-22T17:03:00,2026-06-22 12:03:00 CDT,emily.choi@contoso.example,SyncUploaded,Q3_Forecast.xlsx,driveitem-normal-004,OneDrive Sync Client,Finance-Laptop01
2026-06-22T17:05:00,2026-06-22 12:05:00 CDT,emily.choi@contoso.example,FileHydrated,Pricing_Model.xlsx,driveitem-normal-008,OneDrive Sync Client,Finance-Laptop01
2026-06-22T17:06:00,2026-06-22 12:06:00 CDT,alex.ross@contoso.example,SyncDownloaded,HR_Transition_Plan.docx,driveitem-normal-009,OneDrive Sync Client,Finance-Laptop01
2026-06-22T17:07:00,2026-06-22 12:07:00 CDT,maria.gomez@contoso.example,SyncUploaded,Integration_Timeline.docx,driveitem-normal-010,OneDrive Sync Client,Employee-PC01
2026-06-22T17:08:00,2026-06-22 12:08:00 CDT,sarah.chen@contoso.example,FileHydrated,HR_Transition_Plan.docx,driveitem-normal-009,OneDrive Sync Client,Finance-Laptop01
2026-06-22T17:08:00,2026-06-22 12:08:00 CDT,emily.choi@contoso.example,SyncUploaded,Integration_Timeline.docx,driveitem-normal-010,OneDrive Sync Client,Employee-PC01
2026-06-22T17:08:00,2026-06-22 12:08:00 CDT,emily.choi@contoso.example,SyncUploaded,Integration_Timeline.docx,driveitem-normal-010,OneDrive Sync Client,Employee-PC02
2026-06-22T17:08:00,2026-06-22 12:08:00 CDT,michael.lee@contoso.example,SyncUploaded,Finance_Review.xlsx,driveitem-normal-006,OneDrive Sync Client,Finance-Laptop01
2026-06-22T17:09:00,2026-06-22 12:09:00 CDT,david.kim@contoso.example,SyncUploaded,Pricing_Model.xlsx,driveitem-normal-008,OneDrive Sync Client,Employee-PC01
2026-06-22T17:10:00,2026-06-22 12:10:00 CDT,michael.lee@contoso.example,FileHydrated,Finance_Review.xlsx,driveitem-normal-006,OneDrive Sync Client,Employee-PC02
2026-06-22T17:10:00,2026-06-22 12:10:00 CDT,linda.park@contoso.example,SyncUploaded,Vendor_Pricing.xlsx,driveitem-normal-002,OneDrive Sync Client,Employee-PC02
2026-06-22T17:11:00,2026-06-22 12:11:00 CDT,emily.choi@contoso.example,FileHydrated,HR_Transition_Plan.docx,driveitem-normal-009,OneDrive Sync Client,Finance-Laptop01
2026-06-22T17:12:00,2026-06-22 12:12:00 CDT,alex.ross@contoso.example,SyncDownloaded,Executive_Bonus_Plan.docx,driveitem-normal-003,OneDrive Sync Client,Finance-Laptop01
2026-06-22T17:12:00,2026-06-22 12:12:00 CDT,michael.lee@contoso.example,SyncDownloaded,HR_Transition_Plan.docx,driveitem-normal-009,OneDrive Sync Client,Employee-PC01
2026-06-22T17:13:00,2026-06-22 12:13:00 CDT,sarah.chen@contoso.example,SyncUploaded,Customer_List.xlsx,driveitem-normal-007,OneDrive Sync Client,Employee-PC02
2026-06-22T17:15:00,2026-06-22 12:15:00 CDT,michael.lee@contoso.example,SyncUploaded,Due_Diligence_Checklist.pdf,driveitem-normal-005,OneDrive Sync Client,Finance-Laptop01
2026-06-22T17:15:00,2026-06-22 12:15:00 CDT,linda.park@contoso.example,SyncDownloaded,Due_Diligence_Checklist.pdf,driveitem-normal-005,OneDrive Sync Client,Employee-PC02
2026-06-22T17:15:00,2026-06-22 12:15:00 CDT,michael.lee@contoso.example,SyncUploaded,Executive_Bonus_Plan.docx,driveitem-normal-003,OneDrive Sync Client,Employee-PC01
2026-06-22T17:16:00,2026-06-22 12:16:00 CDT,maria.gomez@contoso.example,SyncUploaded,Project_Falcon_Strategy.docx,driveitem-project-falcon-strategy-001,OneDrive Sync Client,Finance-Laptop01
2026-06-22T17:17:00,2026-06-22 12:17:00 CDT,maria.gomez@contoso.example,SyncDownloaded,Pricing_Model.xlsx,driveitem-normal-008,OneDrive Sync Client,Employee-PC02
2026-06-22T17:18:00,2026-06-22 12:18:00 CDT,linda.park@contoso.example,SyncUploaded,Pricing_Model.xlsx,driveitem-normal-008,OneDrive Sync Client,Employee-PC01
2026-06-22T17:20:00,2026-06-22 12:20:00 CDT,john.carter@contoso.example,SyncUploaded,Board_Meeting_Notes.docx,driveitem-normal-001,OneDrive Sync Client,Employee-PC02
2026-06-22T17:21:00,2026-06-22 12:21:00 CDT,michael.lee@contoso.example,FileHydrated,Finance_Review.xlsx,driveitem-normal-006,OneDrive Sync Client,Finance-Laptop01
2026-06-22T17:22:00,2026-06-22 12:22:00 CDT,emily.choi@contoso.example,SyncUploaded,Board_Meeting_Notes.docx,driveitem-normal-001,OneDrive Sync Client,Employee-PC02
2026-06-22T17:22:00,2026-06-22 12:22:00 CDT,maria.gomez@contoso.example,SyncUploaded,Project_Falcon_Strategy.docx,driveitem-project-falcon-strategy-001,OneDrive Sync Client,Employee-PC02
2026-06-22T17:22:00,2026-06-22 12:22:00 CDT,john.carter@contoso.example,SyncDownloaded,Executive_Bonus_Plan.docx,driveitem-normal-003,OneDrive Sync Client,Employee-PC02
2026-06-22T17:24:00,2026-06-22 12:24:00 CDT,emily.choi@contoso.example,FileHydrated,Due_Diligence_Checklist.pdf,driveitem-normal-005,OneDrive Sync Client,Finance-Laptop01
2026-06-22T17:24:00,2026-06-22 12:24:00 CDT,david.kim@contoso.example,SyncDownloaded,Board_Meeting_Notes.docx,driveitem-normal-001,OneDrive Sync Client,Finance-Laptop01
2026-06-22T17:25:00,2026-06-22 12:25:00 CDT,emily.choi@contoso.example,SyncDownloaded,Project_Falcon_Strategy.docx,driveitem-project-falcon-strategy-001,OneDrive Sync Client,Employee-PC01
2026-06-22T17:26:00,2026-06-22 12:26:00 CDT,sarah.chen@contoso.example,FileHydrated,Pricing_Model.xlsx,driveitem-normal-008,OneDrive Sync Client,Finance-Laptop01
2026-06-22T17:27:00,2026-06-22 12:27:00 CDT,john.carter@contoso.example,FileHydrated,Falcon_Acquisition_Targets.xlsx,driveitem-falcon-acquisition-targets-002,OneDrive Sync Client,Employee-PC02
2026-06-22T17:27:00,2026-06-22 12:27:00 CDT,maria.gomez@contoso.example,SyncDownloaded,Finance_Review.xlsx,driveitem-normal-006,OneDrive Sync Client,Finance-Laptop01
2026-06-22T17:28:00,2026-06-22 12:28:00 CDT,alex.ross@contoso.example,FileHydrated,Integration_Timeline.docx,driveitem-normal-010,OneDrive Sync Client,Finance-Laptop01
2026-06-22T17:28:00,2026-06-22 12:28:00 CDT,david.kim@contoso.example,SyncUploaded,Board_Meeting_Notes.docx,driveitem-normal-001,OneDrive Sync Client,Employee-PC01
2026-06-22T17:30:00,2026-06-22 12:30:00 CDT,maria.gomez@contoso.example,SyncDownloaded,Due_Diligence_Checklist.pdf,driveitem-normal-005,OneDrive Sync Client,Finance-Laptop01
2026-06-22T17:31:00,2026-06-22 12:31:00 CDT,emily.choi@contoso.example,SyncUploaded,Finance_Review.xlsx,driveitem-normal-006,OneDrive Sync Client,Employee-PC01
2026-06-22T17:32:00,2026-06-22 12:32:00 CDT,michael.lee@contoso.example,FileHydrated,Vendor_Pricing.xlsx,driveitem-normal-002,OneDrive Sync Client,Employee-PC01
2026-06-22T17:32:00,2026-06-22 12:32:00 CDT,emily.choi@contoso.example,SyncDownloaded,Integration_Timeline.docx,driveitem-normal-010,OneDrive Sync Client,Employee-PC01
2026-06-22T17:33:00,2026-06-22 12:33:00 CDT,emily.choi@contoso.example,FileHydrated,Customer_List.xlsx,driveitem-normal-007,OneDrive Sync Client,Employee-PC02
2026-06-22T17:33:00,2026-06-22 12:33:00 CDT,linda.park@contoso.example,FileHydrated,Integration_Timeline.docx,driveitem-normal-010,OneDrive Sync Client,Finance-Laptop01
2026-06-22T17:33:00,2026-06-22 12:33:00 CDT,david.kim@contoso.example,SyncUploaded,Integration_Timeline.docx,driveitem-normal-010,OneDrive Sync Client,Employee-PC01
2026-06-22T17:34:00,2026-06-22 12:34:00 CDT,maria.gomez@contoso.example,SyncUploaded,Falcon_Acquisition_Targets.xlsx,driveitem-falcon-acquisition-targets-002,OneDrive Sync Client,Employee-PC01
2026-06-22T17:35:00,2026-06-22 12:35:00 CDT,david.kim@contoso.example,SyncUploaded,Executive_Bonus_Plan.docx,driveitem-normal-003,OneDrive Sync Client,Finance-Laptop01
2026-06-22T17:37:00,2026-06-22 12:37:00 CDT,michael.lee@contoso.example,SyncDownloaded,Falcon_Acquisition_Targets.xlsx,driveitem-falcon-acquisition-targets-002,OneDrive Sync Client,Finance-Laptop01
2026-06-22T17:38:00,2026-06-22 12:38:00 CDT,david.kim@contoso.example,FileHydrated,HR_Transition_Plan.docx,driveitem-normal-009,OneDrive Sync Client,Finance-Laptop01
2026-06-22T17:38:00,2026-06-22 12:38:00 CDT,john.carter@contoso.example,SyncDownloaded,Executive_Bonus_Plan.docx,driveitem-normal-003,OneDrive Sync Client,Employee-PC02
2026-06-22T17:39:00,2026-06-22 12:39:00 CDT,maria.gomez@contoso.example,FileHydrated,Falcon_Acquisition_Targets.xlsx,driveitem-falcon-acquisition-targets-002,OneDrive Sync Client,Employee-PC01
2026-06-22T17:40:00,2026-06-22 12:40:00 CDT,maria.gomez@contoso.example,SyncDownloaded,Due_Diligence_Checklist.pdf,driveitem-normal-005,OneDrive Sync Client,Employee-PC02
2026-06-22T17:40:00,2026-06-22 12:40:00 CDT,david.kim@contoso.example,SyncDownloaded,Vendor_Pricing.xlsx,driveitem-normal-002,OneDrive Sync Client,Employee-PC02
2026-06-22T17:40:00,2026-06-22 12:40:00 CDT,david.kim@contoso.example,SyncUploaded,Pricing_Model.xlsx,driveitem-normal-008,OneDrive Sync Client,Employee-PC02
2026-06-22T17:42:00,2026-06-22 12:42:00 CDT,michael.lee@contoso.example,FileHydrated,Due_Diligence_Checklist.pdf,driveitem-normal-005,OneDrive Sync Client,Employee-PC01
2026-06-22T17:43:00,2026-06-22 12:43:00 CDT,alex.ross@contoso.example,SyncDownloaded,Due_Diligence_Checklist.pdf,driveitem-normal-005,OneDrive Sync Client,Employee-PC02
2026-06-22T17:44:00,2026-06-22 12:44:00 CDT,maria.gomez@contoso.example,SyncDownloaded,Falcon_Acquisition_Targets.xlsx,driveitem-falcon-acquisition-targets-002,OneDrive Sync Client,Employee-PC01
2026-06-22T17:45:00,2026-06-22 12:45:00 CDT,alex.ross@contoso.example,FileHydrated,Due_Diligence_Checklist.pdf,driveitem-normal-005,OneDrive Sync Client,Employee-PC01
2026-06-22T17:47:00,2026-06-22 12:47:00 CDT,linda.park@contoso.example,SyncDownloaded,Pricing_Model.xlsx,driveitem-normal-008,OneDrive Sync Client,Employee-PC02
2026-06-22T17:49:00,2026-06-22 12:49:00 CDT,alex.ross@contoso.example,SyncUploaded,Pricing_Model.xlsx,driveitem-normal-008,OneDrive Sync Client,Employee-PC01
2026-06-22T17:50:00,2026-06-22 12:50:00 CDT,emily.choi@contoso.example,SyncUploaded,Customer_List.xlsx,driveitem-normal-007,OneDrive Sync Client,Finance-Laptop01
2026-06-22T17:51:00,2026-06-22 12:51:00 CDT,david.kim@contoso.example,SyncUploaded,Board_Meeting_Notes.docx,driveitem-normal-001,OneDrive Sync Client,Employee-PC02
2026-06-22T17:51:00,2026-06-22 12:51:00 CDT,emily.choi@contoso.example,FileHydrated,Due_Diligence_Checklist.pdf,driveitem-normal-005,OneDrive Sync Client,Employee-PC02
2026-06-22T17:52:00,2026-06-22 12:52:00 CDT,john.carter@contoso.example,SyncUploaded,Due_Diligence_Checklist.pdf,driveitem-normal-005,OneDrive Sync Client,Employee-PC02
2026-06-22T17:52:00,2026-06-22 12:52:00 CDT,emily.choi@contoso.example,SyncDownloaded,Customer_List.xlsx,driveitem-normal-007,OneDrive Sync Client,Employee-PC01
2026-06-22T17:53:00,2026-06-22 12:53:00 CDT,john.carter@contoso.example,SyncDownloaded,Finance_Review.xlsx,driveitem-normal-006,OneDrive Sync Client,Employee-PC02
2026-06-22T17:53:00,2026-06-22 12:53:00 CDT,sarah.chen@contoso.example,SyncDownloaded,Falcon_Acquisition_Targets.xlsx,driveitem-falcon-acquisition-targets-002,OneDrive Sync Client,Employee-PC01
2026-06-22T17:54:00,2026-06-22 12:54:00 CDT,sarah.chen@contoso.example,SyncUploaded,Vendor_Pricing.xlsx,driveitem-normal-002,OneDrive Sync Client,Employee-PC01
2026-06-22T17:54:00,2026-06-22 12:54:00 CDT,alex.ross@contoso.example,FileHydrated,Pricing_Model.xlsx,driveitem-normal-008,OneDrive Sync Client,Employee-PC02
2026-06-22T17:54:00,2026-06-22 12:54:00 CDT,sarah.chen@contoso.example,FileHydrated,Board_Meeting_Notes.docx,driveitem-normal-001,OneDrive Sync Client,Employee-PC02
2026-06-22T17:55:00,2026-06-22 12:55:00 CDT,sarah.chen@contoso.example,SyncUploaded,Executive_Bonus_Plan.docx,driveitem-normal-003,OneDrive Sync Client,Employee-PC01
2026-06-22T17:56:00,2026-06-22 12:56:00 CDT,david.kim@contoso.example,SyncUploaded,HR_Transition_Plan.docx,driveitem-normal-009,OneDrive Sync Client,Employee-PC02
2026-06-22T17:59:00,2026-06-22 12:59:00 CDT,emily.choi@contoso.example,SyncUploaded,Q3_Forecast.xlsx,driveitem-normal-004,OneDrive Sync Client,Employee-PC01
2026-06-22T18:00:00,2026-06-22 13:00:00 CDT,alex.ross@contoso.example,SyncDownloaded,Project_Falcon_Strategy.docx,driveitem-project-falcon-strategy-001,OneDrive Sync Client,Finance-Laptop01
