event_time_utc,event_time_cdt,user_email,operation,file_name,driveItemId,site_url,client_ip,recipient_email,recipient_type,sharing_scope,permission_role
2026-06-22T14:00:00Z,2026-06-22 09:00:00 CDT,maria.gomez@contoso.example,FileModified,HR_Transition_Plan.docx,driveitem-normal-009,https://contoso.sharepoint.com/sites/CorporateDocs,172.16.74.121,,,,
2026-06-22T14:02:00Z,2026-06-22 09:02:00 CDT,emily.choi@contoso.example,FilePreviewed,Falcon_Acquisition_Targets.xlsx,driveitem-falcon-acquisition-targets-002,https://contoso.sharepoint.com/sites/ProjectFalcon,172.16.74.24,,,,
2026-06-22T14:02:00Z,2026-06-22 09:02:00 CDT,michael.lee@contoso.example,FilePreviewed,Board_Meeting_Notes.docx,driveitem-normal-001,https://contoso.sharepoint.com/sites/CorporateDocs,172.16.96.198,,,,
2026-06-22T14:03:00Z,2026-06-22 09:03:00 CDT,sarah.chen@contoso.example,FileAccessed,Customer_List.xlsx,driveitem-normal-007,https://contoso.sharepoint.com/sites/CorporateDocs,172.16.176.115,,,,
2026-06-22T14:04:00Z,2026-06-22 09:04:00 CDT,maria.gomez@contoso.example,FileModified,HR_Transition_Plan.docx,driveitem-normal-009,https://contoso.sharepoint.com/sites/CorporateDocs,172.16.2.77,,,,
2026-06-22T14:04:00Z,2026-06-22 09:04:00 CDT,john.carter@contoso.example,FilePreviewed,Pricing_Model.xlsx,driveitem-normal-008,https://contoso.sharepoint.com/sites/CorporateDocs,172.16.180.167,,,,
2026-06-22T14:04:00Z,2026-06-22 09:04:00 CDT,emily.choi@contoso.example,FilePreviewed,Pricing_Model.xlsx,driveitem-normal-008,https://contoso.sharepoint.com/sites/CorporateDocs,172.16.181.118,,,,
2026-06-22T14:05:00Z,2026-06-22 09:05:00 CDT,linda.park@contoso.example,FileModified,Falcon_Acquisition_Targets.xlsx,driveitem-falcon-acquisition-targets-002,https://contoso.sharepoint.com/sites/ProjectFalcon,172.16.186.35,,,,
2026-06-22T14:06:00Z,2026-06-22 09:06:00 CDT,sarah.chen@contoso.example,FileAccessed,Customer_List.xlsx,driveitem-normal-007,https://contoso.sharepoint.com/sites/CorporateDocs,172.16.68.159,,,,
2026-06-22T14:06:00Z,2026-06-22 09:06:00 CDT,sarah.chen@contoso.example,FileDownloaded,Finance_Review.xlsx,driveitem-normal-006,https://contoso.sharepoint.com/sites/CorporateDocs,172.16.35.129,,,,
2026-06-22T14:06:00Z,2026-06-22 09:06:00 CDT,maria.gomez@contoso.example,FilePreviewed,Pricing_Model.xlsx,driveitem-normal-008,https://contoso.sharepoint.com/sites/CorporateDocs,172.16.88.237,,,,
2026-06-22T14:06:00Z,2026-06-22 09:06:00 CDT,sarah.chen@contoso.example,FileAccessed,Integration_Timeline.docx,driveitem-normal-010,https://contoso.sharepoint.com/sites/CorporateDocs,172.16.241.153,,,,
2026-06-22T14:06:00Z,2026-06-22 09:06:00 CDT,david.kim@contoso.example,FileDownloaded,Falcon_Acquisition_Targets.xlsx,driveitem-falcon-acquisition-targets-002,https://contoso.sharepoint.com/sites/ProjectFalcon,172.16.100.17,,,,
2026-06-22T14:07:00Z,2026-06-22 09:07:00 CDT,linda.park@contoso.example,FilePreviewed,Finance_Review.xlsx,driveitem-normal-006,https://contoso.sharepoint.com/sites/CorporateDocs,172.16.147.156,,,,
2026-06-22T14:07:00Z,2026-06-22 09:07:00 CDT,michael.lee@contoso.example,FileAccessed,Vendor_Pricing.xlsx,driveitem-normal-002,https://contoso.sharepoint.com/sites/CorporateDocs,172.16.90.123,,,,
2026-06-22T14:08:00Z,2026-06-22 09:08:00 CDT,sarah.chen@contoso.example,FilePreviewed,Finance_Review.xlsx,driveitem-normal-006,https://contoso.sharepoint.com/sites/CorporateDocs,172.16.15.69,,,,
2026-06-22T14:08:00Z,2026-06-22 09:08:00 CDT,emily.choi@contoso.example,FileModified,Project_Falcon_Strategy.docx,driveitem-project-falcon-strategy-001,https://contoso.sharepoint.com/sites/ProjectFalcon,172.16.236.23,,,,
2026-06-22T14:10:00Z,2026-06-22 09:10:00 CDT,maria.gomez@contoso.example,FileAccessed,Integration_Timeline.docx,driveitem-normal-010,https://contoso.sharepoint.com/sites/CorporateDocs,172.16.43.67,,,,
2026-06-22T14:10:00Z,2026-06-22 09:10:00 CDT,john.carter@contoso.example,FileDownloaded,Pricing_Model.xlsx,driveitem-normal-008,https://contoso.sharepoint.com/sites/CorporateDocs,172.16.136.101,,,,
2026-06-22T14:11:00Z,2026-06-22 09:11:00 CDT,maria.gomez@contoso.example,FilePreviewed,Executive_Bonus_Plan.docx,driveitem-normal-003,https://contoso.sharepoint.com/sites/CorporateDocs,172.16.162.132,,,,
2026-06-22T14:11:00Z,2026-06-22 09:11:00 CDT,alex.ross@contoso.example,FilePreviewed,Executive_Bonus_Plan.docx,driveitem-normal-003,https://contoso.sharepoint.com/sites/CorporateDocs,172.16.42.223,,,,
2026-06-22T14:11:00Z,2026-06-22 09:11:00 CDT,sarah.chen@contoso.example,FileModified,Project_Falcon_Strategy.docx,driveitem-project-falcon-strategy-001,https://contoso.sharepoint.com/sites/ProjectFalcon,172.16.120.228,,,,
2026-06-22T14:11:00Z,2026-06-22 09:11:00 CDT,emily.choi@contoso.example,FileAccessed,Vendor_Pricing.xlsx,driveitem-normal-002,https://contoso.sharepoint.com/sites/CorporateDocs,172.16.148.195,,,,
2026-06-22T14:12:00Z,2026-06-22 09:12:00 CDT,linda.park@contoso.example,FilePreviewed,Vendor_Pricing.xlsx,driveitem-normal-002,https://contoso.sharepoint.com/sites/CorporateDocs,172.16.42.173,,,,
2026-06-22T14:13:00Z,2026-06-22 09:13:00 CDT,alex.ross@contoso.example,FileAccessed,Board_Meeting_Notes.docx,driveitem-normal-001,https://contoso.sharepoint.com/sites/CorporateDocs,172.16.221.73,,,,
2026-06-22T14:14:00Z,2026-06-22 09:14:00 CDT,alex.ross@contoso.example,FileAccessed,Project_Falcon_Strategy.docx,driveitem-project-falcon-strategy-001,https://contoso.sharepoint.com/sites/ProjectFalcon,172.16.38.219,,,,
2026-06-22T14:15:00Z,2026-06-22 09:15:00 CDT,david.kim@contoso.example,FileModified,Due_Diligence_Checklist.pdf,driveitem-normal-005,https://contoso.sharepoint.com/sites/CorporateDocs,172.16.14.120,,,,
2026-06-22T14:15:00Z,2026-06-22 09:15:00 CDT,emily.choi@contoso.example,FilePreviewed,Due_Diligence_Checklist.pdf,driveitem-normal-005,https://contoso.sharepoint.com/sites/CorporateDocs,172.16.113.18,,,,
2026-06-22T14:16:00Z,2026-06-22 09:16:00 CDT,michael.lee@contoso.example,FilePreviewed,Due_Diligence_Checklist.pdf,driveitem-normal-005,https://contoso.sharepoint.com/sites/CorporateDocs,172.16.32.178,,,,
2026-06-22T14:16:00Z,2026-06-22 09:16:00 CDT,sarah.chen@contoso.example,FileDownloaded,Vendor_Pricing.xlsx,driveitem-normal-002,https://contoso.sharepoint.com/sites/CorporateDocs,172.16.153.205,,,,
2026-06-22T14:17:00Z,2026-06-22 09:17:00 CDT,maria.gomez@contoso.example,FileModified,Executive_Bonus_Plan.docx,driveitem-normal-003,https://contoso.sharepoint.com/sites/CorporateDocs,172.16.29.164,,,,
2026-06-22T14:17:00Z,2026-06-22 09:17:00 CDT,maria.gomez@contoso.example,FilePreviewed,Board_Meeting_Notes.docx,driveitem-normal-001,https://contoso.sharepoint.com/sites/CorporateDocs,172.16.224.9,,,,
2026-06-22T14:18:00Z,2026-06-22 09:18:00 CDT,john.carter@contoso.example,FileDownloaded,Due_Diligence_Checklist.pdf,driveitem-normal-005,https://contoso.sharepoint.com/sites/CorporateDocs,172.16.100.86,,,,
2026-06-22T14:18:00Z,2026-06-22 09:18:00 CDT,emily.choi@contoso.example,FileDownloaded,Integration_Timeline.docx,driveitem-normal-010,https://contoso.sharepoint.com/sites/CorporateDocs,172.16.5.230,,,,
2026-06-22T14:18:00Z,2026-06-22 09:18:00 CDT,alex.ross@contoso.example,FileAccessed,Customer_List.xlsx,driveitem-normal-007,https://contoso.sharepoint.com/sites/CorporateDocs,172.16.76.110,,,,
2026-06-22T14:19:00Z,2026-06-22 09:19:00 CDT,michael.lee@contoso.example,FileAccessed,Falcon_Acquisition_Targets.xlsx,driveitem-falcon-acquisition-targets-002,https://contoso.sharepoint.com/sites/ProjectFalcon,172.16.152.153,,,,
2026-06-22T14:20:00Z,2026-06-22 09:20:00 CDT,john.carter@contoso.example,FilePreviewed,Integration_Timeline.docx,driveitem-normal-010,https://contoso.sharepoint.com/sites/CorporateDocs,172.16.226.141,,,,
2026-06-22T14:20:00Z,2026-06-22 09:20:00 CDT,emily.choi@contoso.example,FileDownloaded,Executive_Bonus_Plan.docx,driveitem-normal-003,https://contoso.sharepoint.com/sites/CorporateDocs,172.16.133.21,,,,
2026-06-22T14:21:00Z,2026-06-22 09:21:00 CDT,john.carter@contoso.example,FileDownloaded,HR_Transition_Plan.docx,driveitem-normal-009,https://contoso.sharepoint.com/sites/CorporateDocs,172.16.244.56,,,,
2026-06-22T14:22:00Z,2026-06-22 09:22:00 CDT,maria.gomez@contoso.example,FileDownloaded,Q3_Forecast.xlsx,driveitem-normal-004,https://contoso.sharepoint.com/sites/CorporateDocs,172.16.24.176,,,,
2026-06-22T14:22:00Z,2026-06-22 09:22:00 CDT,linda.park@contoso.example,FilePreviewed,Customer_List.xlsx,driveitem-normal-007,https://contoso.sharepoint.com/sites/CorporateDocs,172.16.181.153,,,,
2026-06-22T14:22:00Z,2026-06-22 09:22:00 CDT,emily.choi@contoso.example,FileDownloaded,Falcon_Acquisition_Targets.xlsx,driveitem-falcon-acquisition-targets-002,https://contoso.sharepoint.com/sites/ProjectFalcon,172.16.178.207,,,,
2026-06-22T14:23:00Z,2026-06-22 09:23:00 CDT,linda.park@contoso.example,FilePreviewed,Integration_Timeline.docx,driveitem-normal-010,https://contoso.sharepoint.com/sites/CorporateDocs,172.16.188.20,,,,
2026-06-22T14:23:00Z,2026-06-22 09:23:00 CDT,michael.lee@contoso.example,FileAccessed,Falcon_Acquisition_Targets.xlsx,driveitem-falcon-acquisition-targets-002,https://contoso.sharepoint.com/sites/ProjectFalcon,172.16.117.80,,,,
2026-06-22T14:25:00Z,2026-06-22 09:25:00 CDT,linda.park@contoso.example,FileDownloaded,Due_Diligence_Checklist.pdf,driveitem-normal-005,https://contoso.sharepoint.com/sites/CorporateDocs,172.16.198.173,,,,
2026-06-22T14:25:00Z,2026-06-22 09:25:00 CDT,linda.park@contoso.example,FilePreviewed,Q3_Forecast.xlsx,driveitem-normal-004,https://contoso.sharepoint.com/sites/CorporateDocs,172.16.97.229,,,,
2026-06-22T14:26:00Z,2026-06-22 09:26:00 CDT,sarah.chen@contoso.example,FileDownloaded,Vendor_Pricing.xlsx,driveitem-normal-002,https://contoso.sharepoint.com/sites/CorporateDocs,172.16.141.14,,,,
2026-06-22T14:27:00Z,2026-06-22 09:27:00 CDT,linda.park@contoso.example,FileModified,Executive_Bonus_Plan.docx,driveitem-normal-003,https://contoso.sharepoint.com/sites/CorporateDocs,172.16.67.219,,,,
2026-06-22T14:27:00Z,2026-06-22 09:27:00 CDT,sarah.chen@contoso.example,FileModified,HR_Transition_Plan.docx,driveitem-normal-009,https://contoso.sharepoint.com/sites/CorporateDocs,172.16.88.243,,,,
2026-06-22T14:27:00Z,2026-06-22 09:27:00 CDT,maria.gomez@contoso.example,FileAccessed,Executive_Bonus_Plan.docx,driveitem-normal-003,https://contoso.sharepoint.com/sites/CorporateDocs,172.16.196.157,,,,
2026-06-22T14:27:00Z,2026-06-22 09:27:00 CDT,linda.park@contoso.example,FilePreviewed,Executive_Bonus_Plan.docx,driveitem-normal-003,https://contoso.sharepoint.com/sites/CorporateDocs,172.16.158.165,,,,
2026-06-22T14:27:00Z,2026-06-22 09:27:00 CDT,emily.choi@contoso.example,FileAccessed,Pricing_Model.xlsx,driveitem-normal-008,https://contoso.sharepoint.com/sites/CorporateDocs,172.16.9.19,,,,
2026-06-22T14:28:00Z,2026-06-22 09:28:00 CDT,maria.gomez@contoso.example,FilePreviewed,Integration_Timeline.docx,driveitem-normal-010,https://contoso.sharepoint.com/sites/CorporateDocs,172.16.169.115,,,,
2026-06-22T14:28:00Z,2026-06-22 09:28:00 CDT,alex.ross@contoso.example,FileDownloaded,Customer_List.xlsx,driveitem-normal-007,https://contoso.sharepoint.com/sites/CorporateDocs,172.16.159.11,,,,
2026-06-22T14:29:00Z,2026-06-22 09:29:00 CDT,emily.choi@contoso.example,FileModified,HR_Transition_Plan.docx,driveitem-normal-009,https://contoso.sharepoint.com/sites/CorporateDocs,172.16.178.114,,,,
2026-06-22T14:29:00Z,2026-06-22 09:29:00 CDT,michael.lee@contoso.example,FilePreviewed,Project_Falcon_Strategy.docx,driveitem-project-falcon-strategy-001,https://contoso.sharepoint.com/sites/ProjectFalcon,172.16.193.191,,,,
2026-06-22T14:30:00Z,2026-06-22 09:30:00 CDT,michael.lee@contoso.example,FileAccessed,Vendor_Pricing.xlsx,driveitem-normal-002,https://contoso.sharepoint.com/sites/CorporateDocs,172.16.196.220,,,,
2026-06-22T14:30:00Z,2026-06-22 09:30:00 CDT,michael.lee@contoso.example,FileAccessed,Board_Meeting_Notes.docx,driveitem-normal-001,https://contoso.sharepoint.com/sites/CorporateDocs,172.16.189.218,,,,
2026-06-22T14:30:00Z,2026-06-22 09:30:00 CDT,maria.gomez@contoso.example,FileDownloaded,Due_Diligence_Checklist.pdf,driveitem-normal-005,https://contoso.sharepoint.com/sites/CorporateDocs,172.16.44.179,,,,
2026-06-22T14:31:00Z,2026-06-22 09:31:00 CDT,david.kim@contoso.example,FilePreviewed,Finance_Review.xlsx,driveitem-normal-006,https://contoso.sharepoint.com/sites/CorporateDocs,172.16.200.73,,,,
2026-06-22T14:32:00Z,2026-06-22 09:32:00 CDT,michael.lee@contoso.example,FileAccessed,Falcon_Acquisition_Targets.xlsx,driveitem-falcon-acquisition-targets-002,https://contoso.sharepoint.com/sites/ProjectFalcon,172.16.60.24,,,,
2026-06-22T14:32:00Z,2026-06-22 09:32:00 CDT,sarah.chen@contoso.example,FileDownloaded,HR_Transition_Plan.docx,driveitem-normal-009,https://contoso.sharepoint.com/sites/CorporateDocs,172.16.210.183,,,,
2026-06-22T14:32:00Z,2026-06-22 09:32:00 CDT,sarah.chen@contoso.example,FileModified,HR_Transition_Plan.docx,driveitem-normal-009,https://contoso.sharepoint.com/sites/CorporateDocs,172.16.65.34,,,,
2026-06-22T14:33:00Z,2026-06-22 09:33:00 CDT,john.carter@contoso.example,FilePreviewed,Vendor_Pricing.xlsx,driveitem-normal-002,https://contoso.sharepoint.com/sites/CorporateDocs,172.16.134.221,,,,
2026-06-22T14:33:00Z,2026-06-22 09:33:00 CDT,maria.gomez@contoso.example,FilePreviewed,Q3_Forecast.xlsx,driveitem-normal-004,https://contoso.sharepoint.com/sites/CorporateDocs,172.16.221.36,,,,
2026-06-22T14:33:00Z,2026-06-22 09:33:00 CDT,john.carter@contoso.example,FileModified,Q3_Forecast.xlsx,driveitem-normal-004,https://contoso.sharepoint.com/sites/CorporateDocs,172.16.4.118,,,,
2026-06-22T14:33:00Z,2026-06-22 09:33:00 CDT,maria.gomez@contoso.example,FileAccessed,Board_Meeting_Notes.docx,driveitem-normal-001,https://contoso.sharepoint.com/sites/CorporateDocs,172.16.232.79,,,,
2026-06-22T14:33:00Z,2026-06-22 09:33:00 CDT,emily.choi@contoso.example,FilePreviewed,Finance_Review.xlsx,driveitem-normal-006,https://contoso.sharepoint.com/sites/CorporateDocs,172.16.166.24,,,,
2026-06-22T14:34:00Z,2026-06-22 09:34:00 CDT,maria.gomez@contoso.example,FileDownloaded,Vendor_Pricing.xlsx,driveitem-normal-002,https://contoso.sharepoint.com/sites/CorporateDocs,172.16.221.117,,,,
2026-06-22T14:35:00Z,2026-06-22 09:35:00 CDT,maria.gomez@contoso.example,FilePreviewed,Pricing_Model.xlsx,driveitem-normal-008,https://contoso.sharepoint.com/sites/CorporateDocs,172.16.20.132,,,,
2026-06-22T14:35:00Z,2026-06-22 09:35:00 CDT,john.carter@contoso.example,FilePreviewed,Integration_Timeline.docx,driveitem-normal-010,https://contoso.sharepoint.com/sites/CorporateDocs,172.16.170.39,,,,
2026-06-22T14:35:00Z,2026-06-22 09:35:00 CDT,linda.park@contoso.example,FilePreviewed,Falcon_Acquisition_Targets.xlsx,driveitem-falcon-acquisition-targets-002,https://contoso.sharepoint.com/sites/ProjectFalcon,172.16.203.224,,,,
2026-06-22T14:37:00Z,2026-06-22 09:37:00 CDT,alex.ross@contoso.example,FileDownloaded,Executive_Bonus_Plan.docx,driveitem-normal-003,https://contoso.sharepoint.com/sites/CorporateDocs,172.16.162.157,,,,
2026-06-22T14:37:00Z,2026-06-22 09:37:00 CDT,john.carter@contoso.example,FileDownloaded,Executive_Bonus_Plan.docx,driveitem-normal-003,https://contoso.sharepoint.com/sites/CorporateDocs,172.16.79.80,,,,
2026-06-22T14:37:00Z,2026-06-22 09:37:00 CDT,maria.gomez@contoso.example,FileDownloaded,Integration_Timeline.docx,driveitem-normal-010,https://contoso.sharepoint.com/sites/CorporateDocs,172.16.193.106,,,,
2026-06-22T14:38:00Z,2026-06-22 09:38:00 CDT,michael.lee@contoso.example,FilePreviewed,Board_Meeting_Notes.docx,driveitem-normal-001,https://contoso.sharepoint.com/sites/CorporateDocs,172.16.88.108,,,,
2026-06-22T14:39:00Z,2026-06-22 09:39:00 CDT,linda.park@contoso.example,FileModified,Vendor_Pricing.xlsx,driveitem-normal-002,https://contoso.sharepoint.com/sites/CorporateDocs,172.16.59.64,,,,
2026-06-22T14:39:00Z,2026-06-22 09:39:00 CDT,sarah.chen@contoso.example,FilePreviewed,Falcon_Acquisition_Targets.xlsx,driveitem-falcon-acquisition-targets-002,https://contoso.sharepoint.com/sites/ProjectFalcon,172.16.125.60,,,,
2026-06-22T14:39:00Z,2026-06-22 09:39:00 CDT,emily.choi@contoso.example,FileModified,Customer_List.xlsx,driveitem-normal-007,https://contoso.sharepoint.com/sites/CorporateDocs,172.16.115.139,,,,
2026-06-22T14:39:00Z,2026-06-22 09:39:00 CDT,maria.gomez@contoso.example,FilePreviewed,Due_Diligence_Checklist.pdf,driveitem-normal-005,https://contoso.sharepoint.com/sites/CorporateDocs,172.16.3.19,,,,
2026-06-22T14:40:00Z,2026-06-22 09:40:00 CDT,alex.ross@contoso.example,FileModified,Board_Meeting_Notes.docx,driveitem-normal-001,https://contoso.sharepoint.com/sites/CorporateDocs,172.16.91.161,,,,
2026-06-22T14:41:00Z,2026-06-22 09:41:00 CDT,david.kim@contoso.example,FileDownloaded,Vendor_Pricing.xlsx,driveitem-normal-002,https://contoso.sharepoint.com/sites/CorporateDocs,172.16.202.87,,,,
2026-06-22T14:41:00Z,2026-06-22 09:41:00 CDT,david.kim@contoso.example,FileModified,Board_Meeting_Notes.docx,driveitem-normal-001,https://contoso.sharepoint.com/sites/CorporateDocs,172.16.122.215,,,,
2026-06-22T14:42:00Z,2026-06-22 09:42:00 CDT,sarah.chen@contoso.example,FileDownloaded,Due_Diligence_Checklist.pdf,driveitem-normal-005,https://contoso.sharepoint.com/sites/CorporateDocs,172.16.203.63,,,,
2026-06-22T14:42:00Z,2026-06-22 09:42:00 CDT,alex.ross@contoso.example,FileAccessed,Q3_Forecast.xlsx,driveitem-normal-004,https://contoso.sharepoint.com/sites/CorporateDocs,172.16.165.68,,,,
2026-06-22T14:44:00Z,2026-06-22 09:44:00 CDT,john.carter@contoso.example,FilePreviewed,Integration_Timeline.docx,driveitem-normal-010,https://contoso.sharepoint.com/sites/CorporateDocs,172.16.184.128,,,,
2026-06-22T14:45:00Z,2026-06-22 09:45:00 CDT,john.carter@contoso.example,FileAccessed,Pricing_Model.xlsx,driveitem-normal-008,https://contoso.sharepoint.com/sites/CorporateDocs,172.16.24.124,,,,
2026-06-22T14:45:00Z,2026-06-22 09:45:00 CDT,alex.ross@contoso.example,FileModified,Pricing_Model.xlsx,driveitem-normal-008,https://contoso.sharepoint.com/sites/CorporateDocs,172.16.56.229,,,,
2026-06-22T14:45:00Z,2026-06-22 09:45:00 CDT,michael.lee@contoso.example,FilePreviewed,Customer_List.xlsx,driveitem-normal-007,https://contoso.sharepoint.com/sites/CorporateDocs,172.16.229.218,,,,
2026-06-22T14:46:00Z,2026-06-22 09:46:00 CDT,linda.park@contoso.example,FileModified,HR_Transition_Plan.docx,driveitem-normal-009,https://contoso.sharepoint.com/sites/CorporateDocs,172.16.169.41,,,,
2026-06-22T14:46:00Z,2026-06-22 09:46:00 CDT,john.carter@contoso.example,FileAccessed,Finance_Review.xlsx,driveitem-normal-006,https://contoso.sharepoint.com/sites/CorporateDocs,172.16.213.18,,,,
2026-06-22T14:47:00Z,2026-06-22 09:47:00 CDT,john.carter@contoso.example,FileDownloaded,Customer_List.xlsx,driveitem-normal-007,https://contoso.sharepoint.com/sites/CorporateDocs,172.16.217.188,,,,
2026-06-22T14:48:00Z,2026-06-22 09:48:00 CDT,david.kim@contoso.example,FilePreviewed,Q3_Forecast.xlsx,driveitem-normal-004,https://contoso.sharepoint.com/sites/CorporateDocs,172.16.143.192,,,,
2026-06-22T14:48:00Z,2026-06-22 09:48:00 CDT,linda.park@contoso.example,FileModified,HR_Transition_Plan.docx,driveitem-normal-009,https://contoso.sharepoint.com/sites/CorporateDocs,172.16.216.107,,,,
2026-06-22T14:49:00Z,2026-06-22 09:49:00 CDT,alex.ross@contoso.example,FileDownloaded,Finance_Review.xlsx,driveitem-normal-006,https://contoso.sharepoint.com/sites/CorporateDocs,172.16.235.122,,,,
2026-06-22T14:51:00Z,2026-06-22 09:51:00 CDT,john.carter@contoso.example,FileAccessed,HR_Transition_Plan.docx,driveitem-normal-009,https://contoso.sharepoint.com/sites/CorporateDocs,172.16.236.24,,,,
2026-06-22T14:51:00Z,2026-06-22 09:51:00 CDT,david.kim@contoso.example,FileModified,Q3_Forecast.xlsx,driveitem-normal-004,https://contoso.sharepoint.com/sites/CorporateDocs,172.16.53.59,,,,
2026-06-22T14:51:00Z,2026-06-22 09:51:00 CDT,alex.ross@contoso.example,FilePreviewed,Q3_Forecast.xlsx,driveitem-normal-004,https://contoso.sharepoint.com/sites/CorporateDocs,172.16.200.28,,,,
2026-06-22T14:51:00Z,2026-06-22 09:51:00 CDT,michael.lee@contoso.example,FilePreviewed,Vendor_Pricing.xlsx,driveitem-normal-002,https://contoso.sharepoint.com/sites/CorporateDocs,172.16.26.9,,,,
2026-06-22T14:53:00Z,2026-06-22 09:53:00 CDT,michael.lee@contoso.example,FileAccessed,Project_Falcon_Strategy.docx,driveitem-project-falcon-strategy-001,https://contoso.sharepoint.com/sites/ProjectFalcon,172.16.120.206,,,,
2026-06-22T14:53:00Z,2026-06-22 09:53:00 CDT,linda.park@contoso.example,FileDownloaded,Integration_Timeline.docx,driveitem-normal-010,https://contoso.sharepoint.com/sites/CorporateDocs,172.16.12.86,,,,
2026-06-22T14:54:00Z,2026-06-22 09:54:00 CDT,emily.choi@contoso.example,FileModified,Customer_List.xlsx,driveitem-normal-007,https://contoso.sharepoint.com/sites/CorporateDocs,172.16.247.116,,,,
2026-06-22T14:55:00Z,2026-06-22 09:55:00 CDT,david.kim@contoso.example,FileDownloaded,Vendor_Pricing.xlsx,driveitem-normal-002,https://contoso.sharepoint.com/sites/CorporateDocs,172.16.84.4,,,,
2026-06-22T14:56:00Z,2026-06-22 09:56:00 CDT,alex.ross@contoso.example,FileAccessed,Q3_Forecast.xlsx,driveitem-normal-004,https://contoso.sharepoint.com/sites/CorporateDocs,172.16.198.211,,,,
2026-06-22T14:56:00Z,2026-06-22 09:56:00 CDT,john.carter@contoso.example,FileDownloaded,Executive_Bonus_Plan.docx,driveitem-normal-003,https://contoso.sharepoint.com/sites/CorporateDocs,172.16.249.115,,,,
2026-06-22T14:56:00Z,2026-06-22 09:56:00 CDT,michael.lee@contoso.example,FileDownloaded,Vendor_Pricing.xlsx,driveitem-normal-002,https://contoso.sharepoint.com/sites/CorporateDocs,172.16.14.228,,,,
2026-06-22T14:56:00Z,2026-06-22 09:56:00 CDT,maria.gomez@contoso.example,FilePreviewed,Due_Diligence_Checklist.pdf,driveitem-normal-005,https://contoso.sharepoint.com/sites/CorporateDocs,172.16.148.249,,,,
2026-06-22T14:57:00Z,2026-06-22 09:57:00 CDT,linda.park@contoso.example,FileModified,HR_Transition_Plan.docx,driveitem-normal-009,https://contoso.sharepoint.com/sites/CorporateDocs,172.16.210.223,,,,
2026-06-22T14:57:00Z,2026-06-22 09:57:00 CDT,linda.park@contoso.example,FileAccessed,Board_Meeting_Notes.docx,driveitem-normal-001,https://contoso.sharepoint.com/sites/CorporateDocs,172.16.237.70,,,,
2026-06-22T14:57:00Z,2026-06-22 09:57:00 CDT,emily.choi@contoso.example,FileModified,Executive_Bonus_Plan.docx,driveitem-normal-003,https://contoso.sharepoint.com/sites/CorporateDocs,172.16.101.47,,,,
2026-06-22T14:58:00Z,2026-06-22 09:58:00 CDT,linda.park@contoso.example,FileModified,Finance_Review.xlsx,driveitem-normal-006,https://contoso.sharepoint.com/sites/CorporateDocs,172.16.133.138,,,,
2026-06-22T14:58:00Z,2026-06-22 09:58:00 CDT,alex.ross@contoso.example,FileModified,Finance_Review.xlsx,driveitem-normal-006,https://contoso.sharepoint.com/sites/CorporateDocs,172.16.182.69,,,,
2026-06-22T14:59:00Z,2026-06-22 09:59:00 CDT,john.carter@contoso.example,FilePreviewed,Vendor_Pricing.xlsx,driveitem-normal-002,https://contoso.sharepoint.com/sites/CorporateDocs,172.16.126.168,,,,
2026-06-22T15:00:00Z,2026-06-22 10:00:00 CDT,emily.choi@contoso.example,FileDownloaded,Falcon_Acquisition_Targets.xlsx,driveitem-falcon-acquisition-targets-002,https://contoso.sharepoint.com/sites/ProjectFalcon,172.16.238.140,,,,
2026-06-22T15:02:00Z,2026-06-22 10:02:00 CDT,maria.gomez@contoso.example,FileDownloaded,HR_Transition_Plan.docx,driveitem-normal-009,https://contoso.sharepoint.com/sites/CorporateDocs,172.16.99.17,,,,
2026-06-22T15:04:00Z,2026-06-22 10:04:00 CDT,michael.lee@contoso.example,FileDownloaded,Board_Meeting_Notes.docx,driveitem-normal-001,https://contoso.sharepoint.com/sites/CorporateDocs,172.16.144.76,,,,
2026-06-22T15:05:00Z,2026-06-22 10:05:00 CDT,david.kim@contoso.example,FileAccessed,Pricing_Model.xlsx,driveitem-normal-008,https://contoso.sharepoint.com/sites/CorporateDocs,172.16.73.154,,,,
2026-06-22T15:06:00Z,2026-06-22 10:06:00 CDT,linda.park@contoso.example,FilePreviewed,Vendor_Pricing.xlsx,driveitem-normal-002,https://contoso.sharepoint.com/sites/CorporateDocs,172.16.174.180,,,,
2026-06-22T15:08:00Z,2026-06-22 10:08:00 CDT,alex.ross@contoso.example,FileDownloaded,Executive_Bonus_Plan.docx,driveitem-normal-003,https://contoso.sharepoint.com/sites/CorporateDocs,172.16.148.1,,,,
2026-06-22T15:09:00Z,2026-06-22 10:09:00 CDT,maria.gomez@contoso.example,FileModified,Executive_Bonus_Plan.docx,driveitem-normal-003,https://contoso.sharepoint.com/sites/CorporateDocs,172.16.30.4,,,,
2026-06-22T15:09:00Z,2026-06-22 10:09:00 CDT,michael.lee@contoso.example,FileDownloaded,HR_Transition_Plan.docx,driveitem-normal-009,https://contoso.sharepoint.com/sites/CorporateDocs,172.16.62.241,,,,
2026-06-22T15:09:00Z,2026-06-22 10:09:00 CDT,alex.ross@contoso.example,FilePreviewed,Q3_Forecast.xlsx,driveitem-normal-004,https://contoso.sharepoint.com/sites/CorporateDocs,172.16.9.178,,,,
2026-06-22T15:10:00Z,2026-06-22 10:10:00 CDT,david.kim@contoso.example,FileDownloaded,Q3_Forecast.xlsx,driveitem-normal-004,https://contoso.sharepoint.com/sites/CorporateDocs,172.16.239.104,,,,
2026-06-22T15:11:00Z,2026-06-22 10:11:00 CDT,david.kim@contoso.example,FileAccessed,Integration_Timeline.docx,driveitem-normal-010,https://contoso.sharepoint.com/sites/CorporateDocs,172.16.48.38,,,,
2026-06-22T15:12:00Z,2026-06-22 10:12:00 CDT,maria.gomez@contoso.example,FileDownloaded,Integration_Timeline.docx,driveitem-normal-010,https://contoso.sharepoint.com/sites/CorporateDocs,172.16.192.149,,,,
2026-06-22T15:13:00Z,2026-06-22 10:13:00 CDT,alex.ross@contoso.example,FileDownloaded,Due_Diligence_Checklist.pdf,driveitem-normal-005,https://contoso.sharepoint.com/sites/CorporateDocs,172.16.172.31,,,,
2026-06-22T15:14:00Z,2026-06-22 10:14:00 CDT,david.kim@contoso.example,FilePreviewed,Project_Falcon_Strategy.docx,driveitem-project-falcon-strategy-001,https://contoso.sharepoint.com/sites/ProjectFalcon,172.16.142.11,,,,
2026-06-22T15:15:00Z,2026-06-22 10:15:00 CDT,john.carter@contoso.example,FilePreviewed,Integration_Timeline.docx,driveitem-normal-010,https://contoso.sharepoint.com/sites/CorporateDocs,172.16.119.213,,,,
2026-06-22T15:16:00Z,2026-06-22 10:16:00 CDT,alex.ross@contoso.example,FileAccessed,Q3_Forecast.xlsx,driveitem-normal-004,https://contoso.sharepoint.com/sites/CorporateDocs,172.16.222.171,,,,
2026-06-22T15:17:00Z,2026-06-22 10:17:00 CDT,emily.choi@contoso.example,FileAccessed,Q3_Forecast.xlsx,driveitem-normal-004,https://contoso.sharepoint.com/sites/CorporateDocs,172.16.161.66,,,,
2026-06-22T15:17:00Z,2026-06-22 10:17:00 CDT,emily.choi@contoso.example,FilePreviewed,Q3_Forecast.xlsx,driveitem-normal-004,https://contoso.sharepoint.com/sites/CorporateDocs,172.16.29.96,,,,
2026-06-22T15:17:00Z,2026-06-22 10:17:00 CDT,john.carter@contoso.example,FileAccessed,Customer_List.xlsx,driveitem-normal-007,https://contoso.sharepoint.com/sites/CorporateDocs,172.16.94.137,,,,
2026-06-22T15:19:00Z,2026-06-22 10:19:00 CDT,alex.ross@contoso.example,FileDownloaded,Pricing_Model.xlsx,driveitem-normal-008,https://contoso.sharepoint.com/sites/CorporateDocs,172.16.179.203,,,,
2026-06-22T15:19:00Z,2026-06-22 10:19:00 CDT,maria.gomez@contoso.example,FileAccessed,Finance_Review.xlsx,driveitem-normal-006,https://contoso.sharepoint.com/sites/CorporateDocs,172.16.191.240,,,,
2026-06-22T15:19:00Z,2026-06-22 10:19:00 CDT,maria.gomez@contoso.example,FileDownloaded,Falcon_Acquisition_Targets.xlsx,driveitem-falcon-acquisition-targets-002,https://contoso.sharepoint.com/sites/ProjectFalcon,172.16.233.250,,,,
2026-06-22T15:19:00Z,2026-06-22 10:19:00 CDT,david.kim@contoso.example,FileModified,Project_Falcon_Strategy.docx,driveitem-project-falcon-strategy-001,https://contoso.sharepoint.com/sites/ProjectFalcon,172.16.52.50,,,,
2026-06-22T15:20:00Z,2026-06-22 10:20:00 CDT,john.carter@contoso.example,FileModified,Falcon_Acquisition_Targets.xlsx,driveitem-falcon-acquisition-targets-002,https://contoso.sharepoint.com/sites/ProjectFalcon,172.16.106.23,,,,
2026-06-22T15:21:00Z,2026-06-22 10:21:00 CDT,alex.ross@contoso.example,FileDownloaded,HR_Transition_Plan.docx,driveitem-normal-009,https://contoso.sharepoint.com/sites/CorporateDocs,172.16.188.50,,,,
2026-06-22T15:21:00Z,2026-06-22 10:21:00 CDT,maria.gomez@contoso.example,FileModified,HR_Transition_Plan.docx,driveitem-normal-009,https://contoso.sharepoint.com/sites/CorporateDocs,172.16.129.179,,,,
2026-06-22T15:21:00Z,2026-06-22 10:21:00 CDT,alex.ross@contoso.example,FilePreviewed,Due_Diligence_Checklist.pdf,driveitem-normal-005,https://contoso.sharepoint.com/sites/CorporateDocs,172.16.158.145,,,,
2026-06-22T15:22:00Z,2026-06-22 10:22:00 CDT,emily.choi@contoso.example,FileModified,Vendor_Pricing.xlsx,driveitem-normal-002,https://contoso.sharepoint.com/sites/CorporateDocs,172.16.149.140,,,,
2026-06-22T15:24:00Z,2026-06-22 10:24:00 CDT,sarah.chen@contoso.example,FileDownloaded,Falcon_Acquisition_Targets.xlsx,driveitem-falcon-acquisition-targets-002,https://contoso.sharepoint.com/sites/ProjectFalcon,172.16.173.123,,,,
2026-06-22T15:24:00Z,2026-06-22 10:24:00 CDT,david.kim@contoso.example,FilePreviewed,Q3_Forecast.xlsx,driveitem-normal-004,https://contoso.sharepoint.com/sites/CorporateDocs,172.16.140.134,,,,
2026-06-22T15:24:00Z,2026-06-22 10:24:00 CDT,sarah.chen@contoso.example,FilePreviewed,Finance_Review.xlsx,driveitem-normal-006,https://contoso.sharepoint.com/sites/CorporateDocs,172.16.72.216,,,,
2026-06-22T15:25:00Z,2026-06-22 10:25:00 CDT,linda.park@contoso.example,FileAccessed,Finance_Review.xlsx,driveitem-normal-006,https://contoso.sharepoint.com/sites/CorporateDocs,172.16.214.45,,,,
2026-06-22T15:25:00Z,2026-06-22 10:25:00 CDT,john.carter@contoso.example,FileModified,Falcon_Acquisition_Targets.xlsx,driveitem-falcon-acquisition-targets-002,https://contoso.sharepoint.com/sites/ProjectFalcon,172.16.228.14,,,,
2026-06-22T15:26:00Z,2026-06-22 10:26:00 CDT,john.carter@contoso.example,FileDownloaded,Falcon_Acquisition_Targets.xlsx,driveitem-falcon-acquisition-targets-002,https://contoso.sharepoint.com/sites/ProjectFalcon,172.16.31.55,,,,
2026-06-22T15:27:00Z,2026-06-22 10:27:00 CDT,maria.gomez@contoso.example,FileAccessed,Customer_List.xlsx,driveitem-normal-007,https://contoso.sharepoint.com/sites/CorporateDocs,172.16.187.98,,,,
2026-06-22T15:27:00Z,2026-06-22 10:27:00 CDT,linda.park@contoso.example,FileDownloaded,Q3_Forecast.xlsx,driveitem-normal-004,https://contoso.sharepoint.com/sites/CorporateDocs,172.16.146.202,,,,
2026-06-22T15:27:00Z,2026-06-22 10:27:00 CDT,david.kim@contoso.example,FilePreviewed,HR_Transition_Plan.docx,driveitem-normal-009,https://contoso.sharepoint.com/sites/CorporateDocs,172.16.170.172,,,,
2026-06-22T15:28:00Z,2026-06-22 10:28:00 CDT,michael.lee@contoso.example,FileAccessed,Pricing_Model.xlsx,driveitem-normal-008,https://contoso.sharepoint.com/sites/CorporateDocs,172.16.129.226,,,,
2026-06-22T15:28:00Z,2026-06-22 10:28:00 CDT,linda.park@contoso.example,FilePreviewed,Falcon_Acquisition_Targets.xlsx,driveitem-falcon-acquisition-targets-002,https://contoso.sharepoint.com/sites/ProjectFalcon,172.16.219.222,,,,
2026-06-22T15:28:00Z,2026-06-22 10:28:00 CDT,john.carter@contoso.example,FileModified,Integration_Timeline.docx,driveitem-normal-010,https://contoso.sharepoint.com/sites/CorporateDocs,172.16.44.90,,,,
2026-06-22T15:28:00Z,2026-06-22 10:28:00 CDT,john.carter@contoso.example,FileDownloaded,Vendor_Pricing.xlsx,driveitem-normal-002,https://contoso.sharepoint.com/sites/CorporateDocs,172.16.217.33,,,,
2026-06-22T15:29:00Z,2026-06-22 10:29:00 CDT,david.kim@contoso.example,FileAccessed,HR_Transition_Plan.docx,driveitem-normal-009,https://contoso.sharepoint.com/sites/CorporateDocs,172.16.164.52,,,,
2026-06-22T15:29:00Z,2026-06-22 10:29:00 CDT,emily.choi@contoso.example,FileModified,Q3_Forecast.xlsx,driveitem-normal-004,https://contoso.sharepoint.com/sites/CorporateDocs,172.16.50.9,,,,
2026-06-22T15:30:00Z,2026-06-22 10:30:00 CDT,michael.lee@contoso.example,FileDownloaded,Finance_Review.xlsx,driveitem-normal-006,https://contoso.sharepoint.com/sites/CorporateDocs,172.16.228.21,,,,
2026-06-22T15:31:00Z,2026-06-22 10:31:00 CDT,maria.gomez@contoso.example,FileModified,Executive_Bonus_Plan.docx,driveitem-normal-003,https://contoso.sharepoint.com/sites/CorporateDocs,172.16.94.228,,,,
2026-06-22T15:32:00Z,2026-06-22 10:32:00 CDT,sarah.chen@contoso.example,FilePreviewed,Integration_Timeline.docx,driveitem-normal-010,https://contoso.sharepoint.com/sites/CorporateDocs,172.16.107.208,,,,
2026-06-22T15:32:00Z,2026-06-22 10:32:00 CDT,john.carter@contoso.example,FilePreviewed,Q3_Forecast.xlsx,driveitem-normal-004,https://contoso.sharepoint.com/sites/CorporateDocs,172.16.23.71,,,,
2026-06-22T15:32:00Z,2026-06-22 10:32:00 CDT,emily.choi@contoso.example,FileModified,HR_Transition_Plan.docx,driveitem-normal-009,https://contoso.sharepoint.com/sites/CorporateDocs,172.16.6.106,,,,
2026-06-22T15:32:00Z,2026-06-22 10:32:00 CDT,sarah.chen@contoso.example,FileModified,Board_Meeting_Notes.docx,driveitem-normal-001,https://contoso.sharepoint.com/sites/CorporateDocs,172.16.83.95,,,,
2026-06-22T15:33:00Z,2026-06-22 10:33:00 CDT,emily.choi@contoso.example,FilePreviewed,Customer_List.xlsx,driveitem-normal-007,https://contoso.sharepoint.com/sites/CorporateDocs,172.16.78.3,,,,
2026-06-22T15:33:00Z,2026-06-22 10:33:00 CDT,maria.gomez@contoso.example,FileAccessed,Finance_Review.xlsx,driveitem-normal-006,https://contoso.sharepoint.com/sites/CorporateDocs,172.16.144.182,,,,
2026-06-22T15:34:00Z,2026-06-22 10:34:00 CDT,linda.park@contoso.example,FilePreviewed,Board_Meeting_Notes.docx,driveitem-normal-001,https://contoso.sharepoint.com/sites/CorporateDocs,172.16.241.206,,,,
2026-06-22T15:34:00Z,2026-06-22 10:34:00 CDT,john.carter@contoso.example,FileDownloaded,Vendor_Pricing.xlsx,driveitem-normal-002,https://contoso.sharepoint.com/sites/CorporateDocs,172.16.239.103,,,,
2026-06-22T15:34:00Z,2026-06-22 10:34:00 CDT,emily.choi@contoso.example,FilePreviewed,Executive_Bonus_Plan.docx,driveitem-normal-003,https://contoso.sharepoint.com/sites/CorporateDocs,172.16.125.47,,,,
2026-06-22T15:34:00Z,2026-06-22 10:34:00 CDT,maria.gomez@contoso.example,FileDownloaded,HR_Transition_Plan.docx,driveitem-normal-009,https://contoso.sharepoint.com/sites/CorporateDocs,172.16.63.237,,,,
2026-06-22T15:34:00Z,2026-06-22 10:34:00 CDT,michael.lee@contoso.example,FileAccessed,Project_Falcon_Strategy.docx,driveitem-project-falcon-strategy-001,https://contoso.sharepoint.com/sites/ProjectFalcon,172.16.221.161,,,,
2026-06-22T15:35:00Z,2026-06-22 10:35:00 CDT,michael.lee@contoso.example,FilePreviewed,Executive_Bonus_Plan.docx,driveitem-normal-003,https://contoso.sharepoint.com/sites/CorporateDocs,172.16.162.92,,,,
2026-06-22T15:35:00Z,2026-06-22 10:35:00 CDT,michael.lee@contoso.example,FileDownloaded,Finance_Review.xlsx,driveitem-normal-006,https://contoso.sharepoint.com/sites/CorporateDocs,172.16.129.135,,,,
2026-06-22T15:36:00Z,2026-06-22 10:36:00 CDT,david.kim@contoso.example,FileModified,Project_Falcon_Strategy.docx,driveitem-project-falcon-strategy-001,https://contoso.sharepoint.com/sites/ProjectFalcon,172.16.105.93,,,,
2026-06-22T15:36:00Z,2026-06-22 10:36:00 CDT,michael.lee@contoso.example,FilePreviewed,Integration_Timeline.docx,driveitem-normal-010,https://contoso.sharepoint.com/sites/CorporateDocs,172.16.194.87,,,,
2026-06-22T15:37:00Z,2026-06-22 10:37:00 CDT,sarah.chen@contoso.example,FileModified,Integration_Timeline.docx,driveitem-normal-010,https://contoso.sharepoint.com/sites/CorporateDocs,172.16.93.157,,,,
2026-06-22T15:37:00Z,2026-06-22 10:37:00 CDT,emily.choi@contoso.example,FileDownloaded,Integration_Timeline.docx,driveitem-normal-010,https://contoso.sharepoint.com/sites/CorporateDocs,172.16.162.245,,,,
2026-06-22T15:38:00Z,2026-06-22 10:38:00 CDT,maria.gomez@contoso.example,FileDownloaded,Falcon_Acquisition_Targets.xlsx,driveitem-falcon-acquisition-targets-002,https://contoso.sharepoint.com/sites/ProjectFalcon,172.16.141.98,,,,
2026-06-22T15:38:00Z,2026-06-22 10:38:00 CDT,david.kim@contoso.example,FileModified,Project_Falcon_Strategy.docx,driveitem-project-falcon-strategy-001,https://contoso.sharepoint.com/sites/ProjectFalcon,172.16.179.100,,,,
2026-06-22T15:39:00Z,2026-06-22 10:39:00 CDT,michael.lee@contoso.example,FileAccessed,Pricing_Model.xlsx,driveitem-normal-008,https://contoso.sharepoint.com/sites/CorporateDocs,172.16.11.167,,,,
2026-06-22T15:39:00Z,2026-06-22 10:39:00 CDT,michael.lee@contoso.example,FilePreviewed,Pricing_Model.xlsx,driveitem-normal-008,https://contoso.sharepoint.com/sites/CorporateDocs,172.16.42.50,,,,
2026-06-22T15:39:00Z,2026-06-22 10:39:00 CDT,sarah.chen@contoso.example,FileModified,Executive_Bonus_Plan.docx,driveitem-normal-003,https://contoso.sharepoint.com/sites/CorporateDocs,172.16.181.220,,,,
2026-06-22T15:40:00Z,2026-06-22 10:40:00 CDT,alex.ross@contoso.example,FileDownloaded,Project_Falcon_Strategy.docx,driveitem-project-falcon-strategy-001,https://contoso.sharepoint.com/sites/ProjectFalcon,172.16.104.98,,,,
2026-06-22T15:41:00Z,2026-06-22 10:41:00 CDT,emily.choi@contoso.example,FileDownloaded,Due_Diligence_Checklist.pdf,driveitem-normal-005,https://contoso.sharepoint.com/sites/CorporateDocs,172.16.43.109,,,,
2026-06-22T15:42:00Z,2026-06-22 10:42:00 CDT,alex.ross@contoso.example,FileAccessed,Project_Falcon_Strategy.docx,driveitem-project-falcon-strategy-001,https://contoso.sharepoint.com/sites/ProjectFalcon,172.16.142.239,,,,
2026-06-22T15:42:00Z,2026-06-22 10:42:00 CDT,michael.lee@contoso.example,FilePreviewed,Due_Diligence_Checklist.pdf,driveitem-normal-005,https://contoso.sharepoint.com/sites/CorporateDocs,172.16.147.34,,,,
2026-06-22T15:42:00Z,2026-06-22 10:42:00 CDT,linda.park@contoso.example,FilePreviewed,HR_Transition_Plan.docx,driveitem-normal-009,https://contoso.sharepoint.com/sites/CorporateDocs,172.16.196.35,,,,
2026-06-22T15:43:00Z,2026-06-22 10:43:00 CDT,sarah.chen@contoso.example,FileDownloaded,Vendor_Pricing.xlsx,driveitem-normal-002,https://contoso.sharepoint.com/sites/CorporateDocs,172.16.84.127,,,,
2026-06-22T15:45:00Z,2026-06-22 10:45:00 CDT,maria.gomez@contoso.example,FilePreviewed,Integration_Timeline.docx,driveitem-normal-010,https://contoso.sharepoint.com/sites/CorporateDocs,172.16.160.169,,,,
2026-06-22T15:45:00Z,2026-06-22 10:45:00 CDT,alex.ross@contoso.example,FileModified,Customer_List.xlsx,driveitem-normal-007,https://contoso.sharepoint.com/sites/CorporateDocs,172.16.49.83,,,,
2026-06-22T15:45:00Z,2026-06-22 10:45:00 CDT,emily.choi@contoso.example,FileDownloaded,Customer_List.xlsx,driveitem-normal-007,https://contoso.sharepoint.com/sites/CorporateDocs,172.16.191.240,,,,
2026-06-22T15:45:00Z,2026-06-22 10:45:00 CDT,david.kim@contoso.example,FilePreviewed,Q3_Forecast.xlsx,driveitem-normal-004,https://contoso.sharepoint.com/sites/CorporateDocs,172.16.17.46,,,,
2026-06-22T15:45:00Z,2026-06-22 10:45:00 CDT,john.carter@contoso.example,FileModified,Falcon_Acquisition_Targets.xlsx,driveitem-falcon-acquisition-targets-002,https://contoso.sharepoint.com/sites/ProjectFalcon,172.16.145.186,,,,
2026-06-22T15:48:00Z,2026-06-22 10:48:00 CDT,linda.park@contoso.example,FileModified,Q3_Forecast.xlsx,driveitem-normal-004,https://contoso.sharepoint.com/sites/CorporateDocs,172.16.94.219,,,,
2026-06-22T15:48:00Z,2026-06-22 10:48:00 CDT,david.kim@contoso.example,FileModified,Project_Falcon_Strategy.docx,driveitem-project-falcon-strategy-001,https://contoso.sharepoint.com/sites/ProjectFalcon,172.16.73.167,,,,
2026-06-22T15:48:00Z,2026-06-22 10:48:00 CDT,michael.lee@contoso.example,FileDownloaded,HR_Transition_Plan.docx,driveitem-normal-009,https://contoso.sharepoint.com/sites/CorporateDocs,172.16.91.58,,,,
2026-06-22T15:50:00Z,2026-06-22 10:50:00 CDT,alex.ross@contoso.example,FilePreviewed,Falcon_Acquisition_Targets.xlsx,driveitem-falcon-acquisition-targets-002,https://contoso.sharepoint.com/sites/ProjectFalcon,172.16.145.140,,,,
2026-06-22T15:51:00Z,2026-06-22 10:51:00 CDT,david.kim@contoso.example,FilePreviewed,Customer_List.xlsx,driveitem-normal-007,https://contoso.sharepoint.com/sites/CorporateDocs,172.16.184.189,,,,
2026-06-22T15:51:00Z,2026-06-22 10:51:00 CDT,david.kim@contoso.example,FilePreviewed,HR_Transition_Plan.docx,driveitem-normal-009,https://contoso.sharepoint.com/sites/CorporateDocs,172.16.122.36,,,,
2026-06-22T15:51:00Z,2026-06-22 10:51:00 CDT,alex.ross@contoso.example,FileDownloaded,Due_Diligence_Checklist.pdf,driveitem-normal-005,https://contoso.sharepoint.com/sites/CorporateDocs,172.16.12.27,,,,
2026-06-22T15:51:00Z,2026-06-22 10:51:00 CDT,david.kim@contoso.example,FileDownloaded,Executive_Bonus_Plan.docx,driveitem-normal-003,https://contoso.sharepoint.com/sites/CorporateDocs,172.16.46.100,,,,
2026-06-22T15:53:00Z,2026-06-22 10:53:00 CDT,john.carter@contoso.example,FilePreviewed,Q3_Forecast.xlsx,driveitem-normal-004,https://contoso.sharepoint.com/sites/CorporateDocs,172.16.118.189,,,,
2026-06-22T15:54:00Z,2026-06-22 10:54:00 CDT,john.carter@contoso.example,FileAccessed,Customer_List.xlsx,driveitem-normal-007,https://contoso.sharepoint.com/sites/CorporateDocs,172.16.73.153,,,,
2026-06-22T15:54:00Z,2026-06-22 10:54:00 CDT,david.kim@contoso.example,FileModified,Q3_Forecast.xlsx,driveitem-normal-004,https://contoso.sharepoint.com/sites/CorporateDocs,172.16.77.146,,,,
2026-06-22T15:54:00Z,2026-06-22 10:54:00 CDT,alex.ross@contoso.example,FileAccessed,Customer_List.xlsx,driveitem-normal-007,https://contoso.sharepoint.com/sites/CorporateDocs,172.16.25.235,,,,
2026-06-22T15:55:00Z,2026-06-22 10:55:00 CDT,emily.choi@contoso.example,FileModified,Due_Diligence_Checklist.pdf,driveitem-normal-005,https://contoso.sharepoint.com/sites/CorporateDocs,172.16.117.1,,,,
2026-06-22T15:55:00Z,2026-06-22 10:55:00 CDT,maria.gomez@contoso.example,FileDownloaded,Board_Meeting_Notes.docx,driveitem-normal-001,https://contoso.sharepoint.com/sites/CorporateDocs,172.16.152.230,,,,
2026-06-22T15:55:00Z,2026-06-22 10:55:00 CDT,emily.choi@contoso.example,FileDownloaded,HR_Transition_Plan.docx,driveitem-normal-009,https://contoso.sharepoint.com/sites/CorporateDocs,172.16.158.148,,,,
2026-06-22T15:56:00Z,2026-06-22 10:56:00 CDT,michael.lee@contoso.example,FileModified,Integration_Timeline.docx,driveitem-normal-010,https://contoso.sharepoint.com/sites/CorporateDocs,172.16.180.160,,,,
2026-06-22T15:57:00Z,2026-06-22 10:57:00 CDT,john.carter@contoso.example,FileAccessed,Finance_Review.xlsx,driveitem-normal-006,https://contoso.sharepoint.com/sites/CorporateDocs,172.16.173.54,,,,
2026-06-22T15:57:00Z,2026-06-22 10:57:00 CDT,john.carter@contoso.example,FileAccessed,HR_Transition_Plan.docx,driveitem-normal-009,https://contoso.sharepoint.com/sites/CorporateDocs,172.16.64.237,,,,
2026-06-22T15:57:00Z,2026-06-22 10:57:00 CDT,alex.ross@contoso.example,FileDownloaded,HR_Transition_Plan.docx,driveitem-normal-009,https://contoso.sharepoint.com/sites/CorporateDocs,172.16.201.209,,,,
2026-06-22T15:57:00Z,2026-06-22 10:57:00 CDT,sarah.chen@contoso.example,FileAccessed,Customer_List.xlsx,driveitem-normal-007,https://contoso.sharepoint.com/sites/CorporateDocs,172.16.80.239,,,,
2026-06-22T15:58:00Z,2026-06-22 10:58:00 CDT,emily.choi@contoso.example,FileModified,Executive_Bonus_Plan.docx,driveitem-normal-003,https://contoso.sharepoint.com/sites/CorporateDocs,172.16.155.148,,,,
2026-06-22T15:58:00Z,2026-06-22 10:58:00 CDT,sarah.chen@contoso.example,FileDownloaded,Finance_Review.xlsx,driveitem-normal-006,https://contoso.sharepoint.com/sites/CorporateDocs,172.16.46.79,,,,
2026-06-22T15:59:00Z,2026-06-22 10:59:00 CDT,linda.park@contoso.example,FilePreviewed,Pricing_Model.xlsx,driveitem-normal-008,https://contoso.sharepoint.com/sites/CorporateDocs,172.16.195.88,,,,
2026-06-22T16:00:00Z,2026-06-22 11:00:00 CDT,alex.ross@contoso.example,FileModified,Integration_Timeline.docx,driveitem-normal-010,https://contoso.sharepoint.com/sites/CorporateDocs,172.16.48.128,,,,
2026-06-22T16:00:00Z,2026-06-22 11:00:00 CDT,john.carter@contoso.example,FileAccessed,Project_Falcon_Strategy.docx,driveitem-project-falcon-strategy-001,https://contoso.sharepoint.com/sites/ProjectFalcon,172.16.99.14,,,,
2026-06-22T16:01:00Z,2026-06-22 11:01:00 CDT,john.carter@contoso.example,FileDownloaded,Integration_Timeline.docx,driveitem-normal-010,https://contoso.sharepoint.com/sites/CorporateDocs,172.16.68.22,,,,
2026-06-22T16:01:00Z,2026-06-22 11:01:00 CDT,maria.gomez@contoso.example,FileAccessed,Integration_Timeline.docx,driveitem-normal-010,https://contoso.sharepoint.com/sites/CorporateDocs,172.16.169.75,,,,
2026-06-22T16:01:00Z,2026-06-22 11:01:00 CDT,michael.lee@contoso.example,FilePreviewed,Due_Diligence_Checklist.pdf,driveitem-normal-005,https://contoso.sharepoint.com/sites/CorporateDocs,172.16.98.175,,,,
2026-06-22T16:02:00Z,2026-06-22 11:02:00 CDT,maria.gomez@contoso.example,FileDownloaded,Q3_Forecast.xlsx,driveitem-normal-004,https://contoso.sharepoint.com/sites/CorporateDocs,172.16.6.63,,,,
2026-06-22T16:02:00Z,2026-06-22 11:02:00 CDT,sarah.chen@contoso.example,FileDownloaded,Falcon_Acquisition_Targets.xlsx,driveitem-falcon-acquisition-targets-002,https://contoso.sharepoint.com/sites/ProjectFalcon,172.16.127.62,,,,
2026-06-22T16:03:00Z,2026-06-22 11:03:00 CDT,alex.ross@contoso.example,FileAccessed,Customer_List.xlsx,driveitem-normal-007,https://contoso.sharepoint.com/sites/CorporateDocs,172.16.109.35,,,,
2026-06-22T16:03:00Z,2026-06-22 11:03:00 CDT,david.kim@contoso.example,FileAccessed,HR_Transition_Plan.docx,driveitem-normal-009,https://contoso.sharepoint.com/sites/CorporateDocs,172.16.114.79,,,,
2026-06-22T16:03:00Z,2026-06-22 11:03:00 CDT,david.kim@contoso.example,FileDownloaded,HR_Transition_Plan.docx,driveitem-normal-009,https://contoso.sharepoint.com/sites/CorporateDocs,172.16.102.167,,,,
2026-06-22T16:03:00Z,2026-06-22 11:03:00 CDT,emily.choi@contoso.example,FileModified,Falcon_Acquisition_Targets.xlsx,driveitem-falcon-acquisition-targets-002,https://contoso.sharepoint.com/sites/ProjectFalcon,172.16.37.197,,,,
2026-06-22T16:04:00Z,2026-06-22 11:04:00 CDT,john.carter@contoso.example,FileAccessed,Vendor_Pricing.xlsx,driveitem-normal-002,https://contoso.sharepoint.com/sites/CorporateDocs,172.16.46.238,,,,
2026-06-22T16:04:00Z,2026-06-22 11:04:00 CDT,sarah.chen@contoso.example,FileAccessed,HR_Transition_Plan.docx,driveitem-normal-009,https://contoso.sharepoint.com/sites/CorporateDocs,172.16.230.61,,,,
2026-06-22T16:05:00Z,2026-06-22 11:05:00 CDT,alex.ross@contoso.example,FileAccessed,Q3_Forecast.xlsx,driveitem-normal-004,https://contoso.sharepoint.com/sites/CorporateDocs,172.16.39.13,,,,
2026-06-22T16:05:00Z,2026-06-22 11:05:00 CDT,linda.park@contoso.example,FilePreviewed,Q3_Forecast.xlsx,driveitem-normal-004,https://contoso.sharepoint.com/sites/CorporateDocs,172.16.166.126,,,,
2026-06-22T16:05:00Z,2026-06-22 11:05:00 CDT,michael.lee@contoso.example,FileDownloaded,Q3_Forecast.xlsx,driveitem-normal-004,https://contoso.sharepoint.com/sites/CorporateDocs,172.16.72.4,,,,
2026-06-22T16:06:00Z,2026-06-22 11:06:00 CDT,emily.choi@contoso.example,FileDownloaded,Integration_Timeline.docx,driveitem-normal-010,https://contoso.sharepoint.com/sites/CorporateDocs,172.16.47.196,,,,
2026-06-22T16:07:00Z,2026-06-22 11:07:00 CDT,maria.gomez@contoso.example,FileModified,HR_Transition_Plan.docx,driveitem-normal-009,https://contoso.sharepoint.com/sites/CorporateDocs,172.16.83.105,,,,
2026-06-22T16:07:00Z,2026-06-22 11:07:00 CDT,john.carter@contoso.example,FileDownloaded,Pricing_Model.xlsx,driveitem-normal-008,https://contoso.sharepoint.com/sites/CorporateDocs,172.16.61.56,,,,
2026-06-22T16:07:00Z,2026-06-22 11:07:00 CDT,michael.lee@contoso.example,FileDownloaded,HR_Transition_Plan.docx,driveitem-normal-009,https://contoso.sharepoint.com/sites/CorporateDocs,172.16.207.47,,,,
2026-06-22T16:07:00Z,2026-06-22 11:07:00 CDT,alex.ross@contoso.example,FileDownloaded,Q3_Forecast.xlsx,driveitem-normal-004,https://contoso.sharepoint.com/sites/CorporateDocs,172.16.213.244,,,,
2026-06-22T16:07:00Z,2026-06-22 11:07:00 CDT,john.carter@contoso.example,FileAccessed,Executive_Bonus_Plan.docx,driveitem-normal-003,https://contoso.sharepoint.com/sites/CorporateDocs,172.16.171.100,,,,
2026-06-22T16:08:00Z,2026-06-22 11:08:00 CDT,linda.park@contoso.example,FileModified,Project_Falcon_Strategy.docx,driveitem-project-falcon-strategy-001,https://contoso.sharepoint.com/sites/ProjectFalcon,172.16.14.17,,,,
2026-06-22T16:09:00Z,2026-06-22 11:09:00 CDT,alex.ross@contoso.example,FileAccessed,HR_Transition_Plan.docx,driveitem-normal-009,https://contoso.sharepoint.com/sites/CorporateDocs,172.16.30.176,,,,
2026-06-22T16:10:00Z,2026-06-22 11:10:00 CDT,maria.gomez@contoso.example,FileModified,Due_Diligence_Checklist.pdf,driveitem-normal-005,https://contoso.sharepoint.com/sites/CorporateDocs,172.16.237.117,,,,
2026-06-22T16:11:00Z,2026-06-22 11:11:00 CDT,michael.lee@contoso.example,FileDownloaded,Falcon_Acquisition_Targets.xlsx,driveitem-falcon-acquisition-targets-002,https://contoso.sharepoint.com/sites/ProjectFalcon,172.16.112.104,,,,
2026-06-22T16:12:00Z,2026-06-22 11:12:00 CDT,sarah.chen@contoso.example,FilePreviewed,Vendor_Pricing.xlsx,driveitem-normal-002,https://contoso.sharepoint.com/sites/CorporateDocs,172.16.137.99,,,,
2026-06-22T16:13:00Z,2026-06-22 11:13:00 CDT,david.kim@contoso.example,FileDownloaded,Project_Falcon_Strategy.docx,driveitem-project-falcon-strategy-001,https://contoso.sharepoint.com/sites/ProjectFalcon,172.16.62.147,,,,
2026-06-22T16:13:00Z,2026-06-22 11:13:00 CDT,sarah.chen@contoso.example,FilePreviewed,Integration_Timeline.docx,driveitem-normal-010,https://contoso.sharepoint.com/sites/CorporateDocs,172.16.121.162,,,,
2026-06-22T16:14:02Z,2026-06-22 11:14:02 CDT,john.carter@contoso.example,FileAccessed,Project_Falcon_Strategy.docx,driveitem-project-falcon-strategy-001,https://contoso.sharepoint.com/sites/ProjectFalcon,172.16.4.22,,,,
2026-06-22T16:14:18Z,2026-06-22 11:14:18 CDT,john.carter@contoso.example,FileDownloaded,Falcon_Acquisition_Targets.xlsx,driveitem-falcon-acquisition-targets-002,https://contoso.sharepoint.com/sites/ProjectFalcon,172.16.4.22,,,,
2026-06-22T16:15:00Z,2026-06-22 11:15:00 CDT,alex.ross@contoso.example,FileDownloaded,Due_Diligence_Checklist.pdf,driveitem-normal-005,https://contoso.sharepoint.com/sites/CorporateDocs,172.16.101.191,,,,
2026-06-22T16:15:22Z,2026-06-22 11:15:22 CDT,john.carter@contoso.example,SharingSet,Project_Falcon_Strategy.docx,driveitem-project-falcon-strategy-001,https://contoso.sharepoint.com/sites/ProjectFalcon,172.16.4.22,sarah.chen@contoso.example,User,SpecificPeople,View
2026-06-22T16:16:00Z,2026-06-22 11:16:00 CDT,michael.lee@contoso.example,FileDownloaded,Board_Meeting_Notes.docx,driveitem-normal-001,https://contoso.sharepoint.com/sites/CorporateDocs,172.16.77.3,,,,
2026-06-22T16:16:00Z,2026-06-22 11:16:00 CDT,maria.gomez@contoso.example,FileAccessed,Board_Meeting_Notes.docx,driveitem-normal-001,https://contoso.sharepoint.com/sites/CorporateDocs,172.16.73.69,,,,
2026-06-22T16:16:00Z,2026-06-22 11:16:00 CDT,michael.lee@contoso.example,FileModified,Integration_Timeline.docx,driveitem-normal-010,https://contoso.sharepoint.com/sites/CorporateDocs,172.16.232.81,,,,
2026-06-22T16:16:00Z,2026-06-22 11:16:00 CDT,maria.gomez@contoso.example,FilePreviewed,Vendor_Pricing.xlsx,driveitem-normal-002,https://contoso.sharepoint.com/sites/CorporateDocs,172.16.129.248,,,,
2026-06-22T16:16:00Z,2026-06-22 11:16:00 CDT,sarah.chen@contoso.example,FilePreviewed,Falcon_Acquisition_Targets.xlsx,driveitem-falcon-acquisition-targets-002,https://contoso.sharepoint.com/sites/ProjectFalcon,172.16.82.215,,,,
2026-06-22T16:16:00Z,2026-06-22 11:16:00 CDT,linda.park@contoso.example,FileDownloaded,Pricing_Model.xlsx,driveitem-normal-008,https://contoso.sharepoint.com/sites/CorporateDocs,172.16.62.159,,,,
2026-06-22T16:16:00Z,2026-06-22 11:16:00 CDT,alex.ross@contoso.example,FileDownloaded,Project_Falcon_Strategy.docx,driveitem-project-falcon-strategy-001,https://contoso.sharepoint.com/sites/ProjectFalcon,172.16.157.236,,,,
2026-06-22T16:16:07Z,2026-06-22 11:16:07 CDT,john.carter@contoso.example,SharingSet,Falcon_Acquisition_Targets.xlsx,driveitem-falcon-acquisition-targets-002,https://contoso.sharepoint.com/sites/ProjectFalcon,172.16.4.22,john.carter.personal@gmail.com,ExternalUser,SpecificPeople,View
2026-06-22T16:17:00Z,2026-06-22 11:17:00 CDT,alex.ross@contoso.example,FileModified,Customer_List.xlsx,driveitem-normal-007,https://contoso.sharepoint.com/sites/CorporateDocs,172.16.175.102,,,,
2026-06-22T16:17:12Z,2026-06-22 11:17:12 CDT,john.carter@contoso.example,SharingSet,Falcon_Acquisition_Targets.xlsx,driveitem-falcon-acquisition-targets-002,https://contoso.sharepoint.com/sites/ProjectFalcon,172.16.4.22,unknown.external@outlook.com,ExternalUser,Anyone,View
2026-06-22T16:18:00Z,2026-06-22 11:18:00 CDT,michael.lee@contoso.example,FileModified,Board_Meeting_Notes.docx,driveitem-normal-001,https://contoso.sharepoint.com/sites/CorporateDocs,172.16.159.81,,,,
2026-06-22T16:18:00Z,2026-06-22 11:18:00 CDT,alex.ross@contoso.example,FileDownloaded,Board_Meeting_Notes.docx,driveitem-normal-001,https://contoso.sharepoint.com/sites/CorporateDocs,172.16.221.176,,,,
2026-06-22T16:18:00Z,2026-06-22 11:18:00 CDT,michael.lee@contoso.example,FilePreviewed,Due_Diligence_Checklist.pdf,driveitem-normal-005,https://contoso.sharepoint.com/sites/CorporateDocs,172.16.249.243,,,,
2026-06-22T16:18:00Z,2026-06-22 11:18:00 CDT,michael.lee@contoso.example,FilePreviewed,Falcon_Acquisition_Targets.xlsx,driveitem-falcon-acquisition-targets-002,https://contoso.sharepoint.com/sites/ProjectFalcon,172.16.146.48,,,,
2026-06-22T16:19:00Z,2026-06-22 11:19:00 CDT,alex.ross@contoso.example,FileDownloaded,Finance_Review.xlsx,driveitem-normal-006,https://contoso.sharepoint.com/sites/CorporateDocs,172.16.71.223,,,,
2026-06-22T16:20:00Z,2026-06-22 11:20:00 CDT,alex.ross@contoso.example,FileModified,Due_Diligence_Checklist.pdf,driveitem-normal-005,https://contoso.sharepoint.com/sites/CorporateDocs,172.16.247.209,,,,
2026-06-22T16:20:00Z,2026-06-22 11:20:00 CDT,david.kim@contoso.example,FileDownloaded,Finance_Review.xlsx,driveitem-normal-006,https://contoso.sharepoint.com/sites/CorporateDocs,172.16.226.144,,,,
2026-06-22T16:20:00Z,2026-06-22 11:20:00 CDT,sarah.chen@contoso.example,FileModified,HR_Transition_Plan.docx,driveitem-normal-009,https://contoso.sharepoint.com/sites/CorporateDocs,172.16.124.164,,,,
2026-06-22T16:20:00Z,2026-06-22 11:20:00 CDT,alex.ross@contoso.example,FileDownloaded,Finance_Review.xlsx,driveitem-normal-006,https://contoso.sharepoint.com/sites/CorporateDocs,172.16.196.163,,,,
2026-06-22T16:20:00Z,2026-06-22 11:20:00 CDT,emily.choi@contoso.example,FilePreviewed,Finance_Review.xlsx,driveitem-normal-006,https://contoso.sharepoint.com/sites/CorporateDocs,172.16.242.181,,,,
2026-06-22T16:21:00Z,2026-06-22 11:21:00 CDT,sarah.chen@contoso.example,FileDownloaded,Q3_Forecast.xlsx,driveitem-normal-004,https://contoso.sharepoint.com/sites/CorporateDocs,172.16.220.134,,,,
2026-06-22T16:22:00Z,2026-06-22 11:22:00 CDT,sarah.chen@contoso.example,FileModified,Customer_List.xlsx,driveitem-normal-007,https://contoso.sharepoint.com/sites/CorporateDocs,172.16.173.118,,,,
2026-06-22T16:22:00Z,2026-06-22 11:22:00 CDT,john.carter@contoso.example,FilePreviewed,Customer_List.xlsx,driveitem-normal-007,https://contoso.sharepoint.com/sites/CorporateDocs,172.16.75.113,,,,
2026-06-22T16:22:00Z,2026-06-22 11:22:00 CDT,david.kim@contoso.example,FileAccessed,Q3_Forecast.xlsx,driveitem-normal-004,https://contoso.sharepoint.com/sites/CorporateDocs,172.16.136.25,,,,
2026-06-22T16:23:00Z,2026-06-22 11:23:00 CDT,michael.lee@contoso.example,FileModified,HR_Transition_Plan.docx,driveitem-normal-009,https://contoso.sharepoint.com/sites/CorporateDocs,172.16.79.148,,,,
2026-06-22T16:23:00Z,2026-06-22 11:23:00 CDT,john.carter@contoso.example,FileDownloaded,Integration_Timeline.docx,driveitem-normal-010,https://contoso.sharepoint.com/sites/CorporateDocs,172.16.26.177,,,,
2026-06-22T16:25:00Z,2026-06-22 11:25:00 CDT,linda.park@contoso.example,FileDownloaded,Executive_Bonus_Plan.docx,driveitem-normal-003,https://contoso.sharepoint.com/sites/CorporateDocs,172.16.94.151,,,,
2026-06-22T16:25:00Z,2026-06-22 11:25:00 CDT,emily.choi@contoso.example,FilePreviewed,Board_Meeting_Notes.docx,driveitem-normal-001,https://contoso.sharepoint.com/sites/CorporateDocs,172.16.29.219,,,,
2026-06-22T16:26:00Z,2026-06-22 11:26:00 CDT,maria.gomez@contoso.example,FilePreviewed,Due_Diligence_Checklist.pdf,driveitem-normal-005,https://contoso.sharepoint.com/sites/CorporateDocs,172.16.128.189,,,,
2026-06-22T16:26:00Z,2026-06-22 11:26:00 CDT,sarah.chen@contoso.example,FileAccessed,Customer_List.xlsx,driveitem-normal-007,https://contoso.sharepoint.com/sites/CorporateDocs,172.16.42.88,,,,
2026-06-22T16:26:00Z,2026-06-22 11:26:00 CDT,linda.park@contoso.example,FileDownloaded,Project_Falcon_Strategy.docx,driveitem-project-falcon-strategy-001,https://contoso.sharepoint.com/sites/ProjectFalcon,172.16.135.160,,,,
2026-06-22T16:26:00Z,2026-06-22 11:26:00 CDT,david.kim@contoso.example,FilePreviewed,Q3_Forecast.xlsx,driveitem-normal-004,https://contoso.sharepoint.com/sites/CorporateDocs,172.16.19.69,,,,
2026-06-22T16:27:00Z,2026-06-22 11:27:00 CDT,emily.choi@contoso.example,FilePreviewed,Board_Meeting_Notes.docx,driveitem-normal-001,https://contoso.sharepoint.com/sites/CorporateDocs,172.16.105.130,,,,
2026-06-22T16:27:00Z,2026-06-22 11:27:00 CDT,john.carter@contoso.example,FileDownloaded,Executive_Bonus_Plan.docx,driveitem-normal-003,https://contoso.sharepoint.com/sites/CorporateDocs,172.16.123.241,,,,
2026-06-22T16:27:00Z,2026-06-22 11:27:00 CDT,david.kim@contoso.example,FileAccessed,Project_Falcon_Strategy.docx,driveitem-project-falcon-strategy-001,https://contoso.sharepoint.com/sites/ProjectFalcon,172.16.185.70,,,,
2026-06-22T16:27:00Z,2026-06-22 11:27:00 CDT,john.carter@contoso.example,FileAccessed,Finance_Review.xlsx,driveitem-normal-006,https://contoso.sharepoint.com/sites/CorporateDocs,172.16.146.124,,,,
2026-06-22T16:28:00Z,2026-06-22 11:28:00 CDT,maria.gomez@contoso.example,FileAccessed,Board_Meeting_Notes.docx,driveitem-normal-001,https://contoso.sharepoint.com/sites/CorporateDocs,172.16.203.217,,,,
2026-06-22T16:28:00Z,2026-06-22 11:28:00 CDT,maria.gomez@contoso.example,FileAccessed,Q3_Forecast.xlsx,driveitem-normal-004,https://contoso.sharepoint.com/sites/CorporateDocs,172.16.107.12,,,,
2026-06-22T16:29:00Z,2026-06-22 11:29:00 CDT,david.kim@contoso.example,FileModified,Q3_Forecast.xlsx,driveitem-normal-004,https://contoso.sharepoint.com/sites/CorporateDocs,172.16.208.77,,,,
2026-06-22T16:29:00Z,2026-06-22 11:29:00 CDT,maria.gomez@contoso.example,FileDownloaded,Falcon_Acquisition_Targets.xlsx,driveitem-falcon-acquisition-targets-002,https://contoso.sharepoint.com/sites/ProjectFalcon,172.16.106.83,,,,
2026-06-22T16:30:00Z,2026-06-22 11:30:00 CDT,michael.lee@contoso.example,FileDownloaded,Project_Falcon_Strategy.docx,driveitem-project-falcon-strategy-001,https://contoso.sharepoint.com/sites/ProjectFalcon,172.16.105.114,,,,
2026-06-22T16:32:00Z,2026-06-22 11:32:00 CDT,sarah.chen@contoso.example,FilePreviewed,Integration_Timeline.docx,driveitem-normal-010,https://contoso.sharepoint.com/sites/CorporateDocs,172.16.97.99,,,,
2026-06-22T16:33:00Z,2026-06-22 11:33:00 CDT,sarah.chen@contoso.example,FileAccessed,Customer_List.xlsx,driveitem-normal-007,https://contoso.sharepoint.com/sites/CorporateDocs,172.16.68.57,,,,
2026-06-22T16:33:00Z,2026-06-22 11:33:00 CDT,david.kim@contoso.example,FilePreviewed,HR_Transition_Plan.docx,driveitem-normal-009,https://contoso.sharepoint.com/sites/CorporateDocs,172.16.173.10,,,,
2026-06-22T16:34:00Z,2026-06-22 11:34:00 CDT,linda.park@contoso.example,FileModified,Project_Falcon_Strategy.docx,driveitem-project-falcon-strategy-001,https://contoso.sharepoint.com/sites/ProjectFalcon,172.16.228.114,,,,
2026-06-22T16:34:00Z,2026-06-22 11:34:00 CDT,emily.choi@contoso.example,FileDownloaded,Falcon_Acquisition_Targets.xlsx,driveitem-falcon-acquisition-targets-002,https://contoso.sharepoint.com/sites/ProjectFalcon,172.16.156.218,,,,
2026-06-22T16:34:00Z,2026-06-22 11:34:00 CDT,linda.park@contoso.example,FilePreviewed,Executive_Bonus_Plan.docx,driveitem-normal-003,https://contoso.sharepoint.com/sites/CorporateDocs,172.16.230.29,,,,
2026-06-22T16:35:00Z,2026-06-22 11:35:00 CDT,michael.lee@contoso.example,FilePreviewed,Pricing_Model.xlsx,driveitem-normal-008,https://contoso.sharepoint.com/sites/CorporateDocs,172.16.57.213,,,,
2026-06-22T16:35:00Z,2026-06-22 11:35:00 CDT,sarah.chen@contoso.example,FileAccessed,Falcon_Acquisition_Targets.xlsx,driveitem-falcon-acquisition-targets-002,https://contoso.sharepoint.com/sites/ProjectFalcon,172.16.239.236,,,,
2026-06-22T16:35:00Z,2026-06-22 11:35:00 CDT,linda.park@contoso.example,FileModified,Falcon_Acquisition_Targets.xlsx,driveitem-falcon-acquisition-targets-002,https://contoso.sharepoint.com/sites/ProjectFalcon,172.16.101.157,,,,
2026-06-22T16:36:00Z,2026-06-22 11:36:00 CDT,michael.lee@contoso.example,FileAccessed,Finance_Review.xlsx,driveitem-normal-006,https://contoso.sharepoint.com/sites/CorporateDocs,172.16.34.8,,,,
2026-06-22T16:36:00Z,2026-06-22 11:36:00 CDT,emily.choi@contoso.example,FileModified,Vendor_Pricing.xlsx,driveitem-normal-002,https://contoso.sharepoint.com/sites/CorporateDocs,172.16.108.2,,,,
2026-06-22T16:37:00Z,2026-06-22 11:37:00 CDT,emily.choi@contoso.example,FileAccessed,Project_Falcon_Strategy.docx,driveitem-project-falcon-strategy-001,https://contoso.sharepoint.com/sites/ProjectFalcon,172.16.243.199,,,,
2026-06-22T16:37:00Z,2026-06-22 11:37:00 CDT,maria.gomez@contoso.example,FileDownloaded,Pricing_Model.xlsx,driveitem-normal-008,https://contoso.sharepoint.com/sites/CorporateDocs,172.16.12.237,,,,
2026-06-22T16:37:00Z,2026-06-22 11:37:00 CDT,david.kim@contoso.example,FilePreviewed,Due_Diligence_Checklist.pdf,driveitem-normal-005,https://contoso.sharepoint.com/sites/CorporateDocs,172.16.60.176,,,,
2026-06-22T16:37:00Z,2026-06-22 11:37:00 CDT,emily.choi@contoso.example,FileModified,Due_Diligence_Checklist.pdf,driveitem-normal-005,https://contoso.sharepoint.com/sites/CorporateDocs,172.16.4.190,,,,
2026-06-22T16:37:00Z,2026-06-22 11:37:00 CDT,sarah.chen@contoso.example,FilePreviewed,Q3_Forecast.xlsx,driveitem-normal-004,https://contoso.sharepoint.com/sites/CorporateDocs,172.16.110.87,,,,
2026-06-22T16:38:00Z,2026-06-22 11:38:00 CDT,john.carter@contoso.example,FileAccessed,Finance_Review.xlsx,driveitem-normal-006,https://contoso.sharepoint.com/sites/CorporateDocs,172.16.92.166,,,,
2026-06-22T16:38:00Z,2026-06-22 11:38:00 CDT,david.kim@contoso.example,FileModified,Finance_Review.xlsx,driveitem-normal-006,https://contoso.sharepoint.com/sites/CorporateDocs,172.16.185.17,,,,
2026-06-22T16:38:00Z,2026-06-22 11:38:00 CDT,emily.choi@contoso.example,FileAccessed,Executive_Bonus_Plan.docx,driveitem-normal-003,https://contoso.sharepoint.com/sites/CorporateDocs,172.16.88.178,,,,
2026-06-22T16:38:00Z,2026-06-22 11:38:00 CDT,david.kim@contoso.example,FileDownloaded,Finance_Review.xlsx,driveitem-normal-006,https://contoso.sharepoint.com/sites/CorporateDocs,172.16.198.161,,,,
2026-06-22T16:39:00Z,2026-06-22 11:39:00 CDT,sarah.chen@contoso.example,FilePreviewed,HR_Transition_Plan.docx,driveitem-normal-009,https://contoso.sharepoint.com/sites/CorporateDocs,172.16.139.90,,,,
2026-06-22T16:41:00Z,2026-06-22 11:41:00 CDT,alex.ross@contoso.example,FileDownloaded,HR_Transition_Plan.docx,driveitem-normal-009,https://contoso.sharepoint.com/sites/CorporateDocs,172.16.77.65,,,,
2026-06-22T16:41:00Z,2026-06-22 11:41:00 CDT,michael.lee@contoso.example,FileModified,Vendor_Pricing.xlsx,driveitem-normal-002,https://contoso.sharepoint.com/sites/CorporateDocs,172.16.67.93,,,,
2026-06-22T16:41:00Z,2026-06-22 11:41:00 CDT,john.carter@contoso.example,FileModified,Customer_List.xlsx,driveitem-normal-007,https://contoso.sharepoint.com/sites/CorporateDocs,172.16.135.11,,,,
2026-06-22T16:41:00Z,2026-06-22 11:41:00 CDT,sarah.chen@contoso.example,FileDownloaded,HR_Transition_Plan.docx,driveitem-normal-009,https://contoso.sharepoint.com/sites/CorporateDocs,172.16.186.177,,,,
2026-06-22T16:41:00Z,2026-06-22 11:41:00 CDT,david.kim@contoso.example,FilePreviewed,Pricing_Model.xlsx,driveitem-normal-008,https://contoso.sharepoint.com/sites/CorporateDocs,172.16.10.50,,,,
2026-06-22T16:41:00Z,2026-06-22 11:41:00 CDT,linda.park@contoso.example,FilePreviewed,Integration_Timeline.docx,driveitem-normal-010,https://contoso.sharepoint.com/sites/CorporateDocs,172.16.5.226,,,,
2026-06-22T16:42:00Z,2026-06-22 11:42:00 CDT,sarah.chen@contoso.example,FilePreviewed,Board_Meeting_Notes.docx,driveitem-normal-001,https://contoso.sharepoint.com/sites/CorporateDocs,172.16.121.238,,,,
2026-06-22T16:42:00Z,2026-06-22 11:42:00 CDT,linda.park@contoso.example,FileModified,Integration_Timeline.docx,driveitem-normal-010,https://contoso.sharepoint.com/sites/CorporateDocs,172.16.233.89,,,,
2026-06-22T16:43:00Z,2026-06-22 11:43:00 CDT,alex.ross@contoso.example,FileDownloaded,Board_Meeting_Notes.docx,driveitem-normal-001,https://contoso.sharepoint.com/sites/CorporateDocs,172.16.211.95,,,,
2026-06-22T16:44:00Z,2026-06-22 11:44:00 CDT,david.kim@contoso.example,FilePreviewed,Due_Diligence_Checklist.pdf,driveitem-normal-005,https://contoso.sharepoint.com/sites/CorporateDocs,172.16.48.41,,,,
2026-06-22T16:44:00Z,2026-06-22 11:44:00 CDT,sarah.chen@contoso.example,FileAccessed,Finance_Review.xlsx,driveitem-normal-006,https://contoso.sharepoint.com/sites/CorporateDocs,172.16.134.169,,,,
2026-06-22T16:45:00Z,2026-06-22 11:45:00 CDT,linda.park@contoso.example,FilePreviewed,Customer_List.xlsx,driveitem-normal-007,https://contoso.sharepoint.com/sites/CorporateDocs,172.16.68.21,,,,
2026-06-22T16:45:00Z,2026-06-22 11:45:00 CDT,sarah.chen@contoso.example,FileAccessed,Pricing_Model.xlsx,driveitem-normal-008,https://contoso.sharepoint.com/sites/CorporateDocs,172.16.47.200,,,,
2026-06-22T16:45:00Z,2026-06-22 11:45:00 CDT,john.carter@contoso.example,FileAccessed,Project_Falcon_Strategy.docx,driveitem-project-falcon-strategy-001,https://contoso.sharepoint.com/sites/ProjectFalcon,172.16.56.210,,,,
2026-06-22T16:45:00Z,2026-06-22 11:45:00 CDT,maria.gomez@contoso.example,FileDownloaded,Board_Meeting_Notes.docx,driveitem-normal-001,https://contoso.sharepoint.com/sites/CorporateDocs,172.16.169.112,,,,
2026-06-22T16:46:00Z,2026-06-22 11:46:00 CDT,alex.ross@contoso.example,FileModified,Due_Diligence_Checklist.pdf,driveitem-normal-005,https://contoso.sharepoint.com/sites/CorporateDocs,172.16.69.206,,,,
2026-06-22T16:47:00Z,2026-06-22 11:47:00 CDT,emily.choi@contoso.example,FileDownloaded,Vendor_Pricing.xlsx,driveitem-normal-002,https://contoso.sharepoint.com/sites/CorporateDocs,172.16.250.233,,,,
2026-06-22T16:47:00Z,2026-06-22 11:47:00 CDT,sarah.chen@contoso.example,FileDownloaded,Board_Meeting_Notes.docx,driveitem-normal-001,https://contoso.sharepoint.com/sites/CorporateDocs,172.16.170.70,,,,
2026-06-22T16:48:00Z,2026-06-22 11:48:00 CDT,john.carter@contoso.example,FileDownloaded,Executive_Bonus_Plan.docx,driveitem-normal-003,https://contoso.sharepoint.com/sites/CorporateDocs,172.16.134.108,,,,
2026-06-22T16:48:00Z,2026-06-22 11:48:00 CDT,david.kim@contoso.example,FileDownloaded,Vendor_Pricing.xlsx,driveitem-normal-002,https://contoso.sharepoint.com/sites/CorporateDocs,172.16.201.180,,,,
2026-06-22T16:48:00Z,2026-06-22 11:48:00 CDT,linda.park@contoso.example,FilePreviewed,HR_Transition_Plan.docx,driveitem-normal-009,https://contoso.sharepoint.com/sites/CorporateDocs,172.16.135.175,,,,
2026-06-22T16:48:00Z,2026-06-22 11:48:00 CDT,sarah.chen@contoso.example,FileAccessed,Q3_Forecast.xlsx,driveitem-normal-004,https://contoso.sharepoint.com/sites/CorporateDocs,172.16.23.220,,,,
2026-06-22T16:48:00Z,2026-06-22 11:48:00 CDT,emily.choi@contoso.example,FileAccessed,Q3_Forecast.xlsx,driveitem-normal-004,https://contoso.sharepoint.com/sites/CorporateDocs,172.16.50.29,,,,
2026-06-22T16:49:00Z,2026-06-22 11:49:00 CDT,alex.ross@contoso.example,FileAccessed,Project_Falcon_Strategy.docx,driveitem-project-falcon-strategy-001,https://contoso.sharepoint.com/sites/ProjectFalcon,172.16.5.75,,,,
2026-06-22T16:51:00Z,2026-06-22 11:51:00 CDT,linda.park@contoso.example,FileAccessed,Board_Meeting_Notes.docx,driveitem-normal-001,https://contoso.sharepoint.com/sites/CorporateDocs,172.16.66.44,,,,
2026-06-22T16:51:00Z,2026-06-22 11:51:00 CDT,john.carter@contoso.example,FileModified,Board_Meeting_Notes.docx,driveitem-normal-001,https://contoso.sharepoint.com/sites/CorporateDocs,172.16.73.54,,,,
2026-06-22T16:53:00Z,2026-06-22 11:53:00 CDT,john.carter@contoso.example,FilePreviewed,Finance_Review.xlsx,driveitem-normal-006,https://contoso.sharepoint.com/sites/CorporateDocs,172.16.148.176,,,,
2026-06-22T16:53:00Z,2026-06-22 11:53:00 CDT,david.kim@contoso.example,FileAccessed,Finance_Review.xlsx,driveitem-normal-006,https://contoso.sharepoint.com/sites/CorporateDocs,172.16.84.59,,,,
2026-06-22T16:55:00Z,2026-06-22 11:55:00 CDT,michael.lee@contoso.example,FileDownloaded,Project_Falcon_Strategy.docx,driveitem-project-falcon-strategy-001,https://contoso.sharepoint.com/sites/ProjectFalcon,172.16.60.243,,,,
2026-06-22T16:55:00Z,2026-06-22 11:55:00 CDT,maria.gomez@contoso.example,FileModified,Integration_Timeline.docx,driveitem-normal-010,https://contoso.sharepoint.com/sites/CorporateDocs,172.16.215.247,,,,
2026-06-22T16:56:00Z,2026-06-22 11:56:00 CDT,maria.gomez@contoso.example,FileAccessed,Due_Diligence_Checklist.pdf,driveitem-normal-005,https://contoso.sharepoint.com/sites/CorporateDocs,172.16.10.118,,,,
2026-06-22T16:56:00Z,2026-06-22 11:56:00 CDT,emily.choi@contoso.example,FileAccessed,Due_Diligence_Checklist.pdf,driveitem-normal-005,https://contoso.sharepoint.com/sites/CorporateDocs,172.16.79.77,,,,
2026-06-22T16:56:00Z,2026-06-22 11:56:00 CDT,sarah.chen@contoso.example,FileModified,Pricing_Model.xlsx,driveitem-normal-008,https://contoso.sharepoint.com/sites/CorporateDocs,172.16.86.175,,,,
2026-06-22T16:57:00Z,2026-06-22 11:57:00 CDT,maria.gomez@contoso.example,FileAccessed,Project_Falcon_Strategy.docx,driveitem-project-falcon-strategy-001,https://contoso.sharepoint.com/sites/ProjectFalcon,172.16.24.30,,,,
2026-06-22T16:57:00Z,2026-06-22 11:57:00 CDT,alex.ross@contoso.example,FileModified,Project_Falcon_Strategy.docx,driveitem-project-falcon-strategy-001,https://contoso.sharepoint.com/sites/ProjectFalcon,172.16.42.200,,,,
2026-06-22T16:58:00Z,2026-06-22 11:58:00 CDT,maria.gomez@contoso.example,FileDownloaded,HR_Transition_Plan.docx,driveitem-normal-009,https://contoso.sharepoint.com/sites/CorporateDocs,172.16.162.192,,,,
2026-06-22T16:58:00Z,2026-06-22 11:58:00 CDT,john.carter@contoso.example,FileAccessed,Q3_Forecast.xlsx,driveitem-normal-004,https://contoso.sharepoint.com/sites/CorporateDocs,172.16.147.187,,,,
2026-06-22T16:58:00Z,2026-06-22 11:58:00 CDT,emily.choi@contoso.example,FileModified,Executive_Bonus_Plan.docx,driveitem-normal-003,https://contoso.sharepoint.com/sites/CorporateDocs,172.16.120.170,,,,
2026-06-22T16:59:00Z,2026-06-22 11:59:00 CDT,emily.choi@contoso.example,FileAccessed,Integration_Timeline.docx,driveitem-normal-010,https://contoso.sharepoint.com/sites/CorporateDocs,172.16.94.57,,,,
2026-06-22T16:59:00Z,2026-06-22 11:59:00 CDT,linda.park@contoso.example,FileAccessed,Project_Falcon_Strategy.docx,driveitem-project-falcon-strategy-001,https://contoso.sharepoint.com/sites/ProjectFalcon,172.16.43.203,,,,
2026-06-22T16:59:00Z,2026-06-22 11:59:00 CDT,alex.ross@contoso.example,FileModified,Project_Falcon_Strategy.docx,driveitem-project-falcon-strategy-001,https://contoso.sharepoint.com/sites/ProjectFalcon,172.16.117.125,,,,
2026-06-22T17:00:00Z,2026-06-22 12:00:00 CDT,alex.ross@contoso.example,FileAccessed,Pricing_Model.xlsx,driveitem-normal-008,https://contoso.sharepoint.com/sites/CorporateDocs,172.16.135.182,,,,
2026-06-22T17:00:00Z,2026-06-22 12:00:00 CDT,sarah.chen@contoso.example,FileDownloaded,Finance_Review.xlsx,driveitem-normal-006,https://contoso.sharepoint.com/sites/CorporateDocs,172.16.247.177,,,,
2026-06-22T17:00:00Z,2026-06-22 12:00:00 CDT,michael.lee@contoso.example,FileModified,Customer_List.xlsx,driveitem-normal-007,https://contoso.sharepoint.com/sites/CorporateDocs,172.16.38.136,,,,
2026-06-22T17:01:00Z,2026-06-22 12:01:00 CDT,john.carter@contoso.example,FileAccessed,Falcon_Acquisition_Targets.xlsx,driveitem-falcon-acquisition-targets-002,https://contoso.sharepoint.com/sites/ProjectFalcon,172.16.134.2,,,,
2026-06-22T17:01:00Z,2026-06-22 12:01:00 CDT,alex.ross@contoso.example,FileDownloaded,Vendor_Pricing.xlsx,driveitem-normal-002,https://contoso.sharepoint.com/sites/CorporateDocs,172.16.222.153,,,,
2026-06-22T17:02:00Z,2026-06-22 12:02:00 CDT,michael.lee@contoso.example,FileAccessed,Q3_Forecast.xlsx,driveitem-normal-004,https://contoso.sharepoint.com/sites/CorporateDocs,172.16.65.83,,,,
2026-06-22T17:04:00Z,2026-06-22 12:04:00 CDT,alex.ross@contoso.example,FileDownloaded,Pricing_Model.xlsx,driveitem-normal-008,https://contoso.sharepoint.com/sites/CorporateDocs,172.16.51.192,,,,
2026-06-22T17:05:00Z,2026-06-22 12:05:00 CDT,michael.lee@contoso.example,FilePreviewed,Finance_Review.xlsx,driveitem-normal-006,https://contoso.sharepoint.com/sites/CorporateDocs,172.16.125.212,,,,
2026-06-22T17:06:00Z,2026-06-22 12:06:00 CDT,emily.choi@contoso.example,FileAccessed,Project_Falcon_Strategy.docx,driveitem-project-falcon-strategy-001,https://contoso.sharepoint.com/sites/ProjectFalcon,172.16.56.115,,,,
2026-06-22T17:06:00Z,2026-06-22 12:06:00 CDT,sarah.chen@contoso.example,FileAccessed,Vendor_Pricing.xlsx,driveitem-normal-002,https://contoso.sharepoint.com/sites/CorporateDocs,172.16.63.243,,,,
2026-06-22T17:06:00Z,2026-06-22 12:06:00 CDT,emily.choi@contoso.example,FilePreviewed,Pricing_Model.xlsx,driveitem-normal-008,https://contoso.sharepoint.com/sites/CorporateDocs,172.16.31.231,,,,
2026-06-22T17:06:00Z,2026-06-22 12:06:00 CDT,david.kim@contoso.example,FilePreviewed,Customer_List.xlsx,driveitem-normal-007,https://contoso.sharepoint.com/sites/CorporateDocs,172.16.84.112,,,,
2026-06-22T17:07:00Z,2026-06-22 12:07:00 CDT,emily.choi@contoso.example,FileAccessed,Vendor_Pricing.xlsx,driveitem-normal-002,https://contoso.sharepoint.com/sites/CorporateDocs,172.16.242.56,,,,
2026-06-22T17:08:00Z,2026-06-22 12:08:00 CDT,michael.lee@contoso.example,FilePreviewed,Due_Diligence_Checklist.pdf,driveitem-normal-005,https://contoso.sharepoint.com/sites/CorporateDocs,172.16.34.135,,,,
2026-06-22T17:09:00Z,2026-06-22 12:09:00 CDT,sarah.chen@contoso.example,FileModified,Project_Falcon_Strategy.docx,driveitem-project-falcon-strategy-001,https://contoso.sharepoint.com/sites/ProjectFalcon,172.16.157.14,,,,
2026-06-22T17:09:00Z,2026-06-22 12:09:00 CDT,maria.gomez@contoso.example,FilePreviewed,Board_Meeting_Notes.docx,driveitem-normal-001,https://contoso.sharepoint.com/sites/CorporateDocs,172.16.202.8,,,,
2026-06-22T17:10:00Z,2026-06-22 12:10:00 CDT,emily.choi@contoso.example,FileDownloaded,HR_Transition_Plan.docx,driveitem-normal-009,https://contoso.sharepoint.com/sites/CorporateDocs,172.16.49.219,,,,
2026-06-22T17:11:00Z,2026-06-22 12:11:00 CDT,david.kim@contoso.example,FileModified,Q3_Forecast.xlsx,driveitem-normal-004,https://contoso.sharepoint.com/sites/CorporateDocs,172.16.174.177,,,,
2026-06-22T17:12:00Z,2026-06-22 12:12:00 CDT,sarah.chen@contoso.example,FilePreviewed,Integration_Timeline.docx,driveitem-normal-010,https://contoso.sharepoint.com/sites/CorporateDocs,172.16.111.75,,,,
2026-06-22T17:12:00Z,2026-06-22 12:12:00 CDT,michael.lee@contoso.example,FilePreviewed,Due_Diligence_Checklist.pdf,driveitem-normal-005,https://contoso.sharepoint.com/sites/CorporateDocs,172.16.178.179,,,,
2026-06-22T17:12:00Z,2026-06-22 12:12:00 CDT,david.kim@contoso.example,FileAccessed,Due_Diligence_Checklist.pdf,driveitem-normal-005,https://contoso.sharepoint.com/sites/CorporateDocs,172.16.159.226,,,,
2026-06-22T17:13:00Z,2026-06-22 12:13:00 CDT,linda.park@contoso.example,FileDownloaded,Q3_Forecast.xlsx,driveitem-normal-004,https://contoso.sharepoint.com/sites/CorporateDocs,172.16.46.95,,,,
2026-06-22T17:13:00Z,2026-06-22 12:13:00 CDT,john.carter@contoso.example,FilePreviewed,Vendor_Pricing.xlsx,driveitem-normal-002,https://contoso.sharepoint.com/sites/CorporateDocs,172.16.119.103,,,,
2026-06-22T17:14:00Z,2026-06-22 12:14:00 CDT,alex.ross@contoso.example,FileModified,Q3_Forecast.xlsx,driveitem-normal-004,https://contoso.sharepoint.com/sites/CorporateDocs,172.16.230.69,,,,
2026-06-22T17:16:00Z,2026-06-22 12:16:00 CDT,emily.choi@contoso.example,FilePreviewed,Customer_List.xlsx,driveitem-normal-007,https://contoso.sharepoint.com/sites/CorporateDocs,172.16.204.2,,,,
2026-06-22T17:16:00Z,2026-06-22 12:16:00 CDT,david.kim@contoso.example,FileDownloaded,Falcon_Acquisition_Targets.xlsx,driveitem-falcon-acquisition-targets-002,https://contoso.sharepoint.com/sites/ProjectFalcon,172.16.198.250,,,,
2026-06-22T17:17:00Z,2026-06-22 12:17:00 CDT,david.kim@contoso.example,FileDownloaded,Vendor_Pricing.xlsx,driveitem-normal-002,https://contoso.sharepoint.com/sites/CorporateDocs,172.16.100.175,,,,
2026-06-22T17:17:00Z,2026-06-22 12:17:00 CDT,maria.gomez@contoso.example,FileModified,Executive_Bonus_Plan.docx,driveitem-normal-003,https://contoso.sharepoint.com/sites/CorporateDocs,172.16.18.143,,,,
2026-06-22T17:17:00Z,2026-06-22 12:17:00 CDT,david.kim@contoso.example,FileDownloaded,Customer_List.xlsx,driveitem-normal-007,https://contoso.sharepoint.com/sites/CorporateDocs,172.16.186.164,,,,
2026-06-22T17:18:00Z,2026-06-22 12:18:00 CDT,michael.lee@contoso.example,FileAccessed,Pricing_Model.xlsx,driveitem-normal-008,https://contoso.sharepoint.com/sites/CorporateDocs,172.16.124.30,,,,
2026-06-22T17:18:00Z,2026-06-22 12:18:00 CDT,michael.lee@contoso.example,FileAccessed,Executive_Bonus_Plan.docx,driveitem-normal-003,https://contoso.sharepoint.com/sites/CorporateDocs,172.16.179.133,,,,
2026-06-22T17:18:00Z,2026-06-22 12:18:00 CDT,sarah.chen@contoso.example,FileDownloaded,Customer_List.xlsx,driveitem-normal-007,https://contoso.sharepoint.com/sites/CorporateDocs,172.16.47.50,,,,
2026-06-22T17:18:00Z,2026-06-22 12:18:00 CDT,linda.park@contoso.example,FilePreviewed,Project_Falcon_Strategy.docx,driveitem-project-falcon-strategy-001,https://contoso.sharepoint.com/sites/ProjectFalcon,172.16.227.5,,,,
2026-06-22T17:18:00Z,2026-06-22 12:18:00 CDT,alex.ross@contoso.example,FileAccessed,Customer_List.xlsx,driveitem-normal-007,https://contoso.sharepoint.com/sites/CorporateDocs,172.16.29.172,,,,
2026-06-22T17:18:00Z,2026-06-22 12:18:00 CDT,maria.gomez@contoso.example,FileModified,Q3_Forecast.xlsx,driveitem-normal-004,https://contoso.sharepoint.com/sites/CorporateDocs,172.16.62.139,,,,
2026-06-22T17:19:00Z,2026-06-22 12:19:00 CDT,alex.ross@contoso.example,FileDownloaded,Customer_List.xlsx,driveitem-normal-007,https://contoso.sharepoint.com/sites/CorporateDocs,172.16.104.151,,,,
2026-06-22T17:19:00Z,2026-06-22 12:19:00 CDT,michael.lee@contoso.example,FileDownloaded,Finance_Review.xlsx,driveitem-normal-006,https://contoso.sharepoint.com/sites/CorporateDocs,172.16.43.48,,,,
2026-06-22T17:20:00Z,2026-06-22 12:20:00 CDT,david.kim@contoso.example,FileAccessed,Board_Meeting_Notes.docx,driveitem-normal-001,https://contoso.sharepoint.com/sites/CorporateDocs,172.16.114.130,,,,
2026-06-22T17:21:00Z,2026-06-22 12:21:00 CDT,maria.gomez@contoso.example,FilePreviewed,Customer_List.xlsx,driveitem-normal-007,https://contoso.sharepoint.com/sites/CorporateDocs,172.16.87.22,,,,
2026-06-22T17:22:00Z,2026-06-22 12:22:00 CDT,emily.choi@contoso.example,FileDownloaded,HR_Transition_Plan.docx,driveitem-normal-009,https://contoso.sharepoint.com/sites/CorporateDocs,172.16.137.248,,,,
2026-06-22T17:22:00Z,2026-06-22 12:22:00 CDT,maria.gomez@contoso.example,FilePreviewed,Pricing_Model.xlsx,driveitem-normal-008,https://contoso.sharepoint.com/sites/CorporateDocs,172.16.37.164,,,,
2026-06-22T17:23:00Z,2026-06-22 12:23:00 CDT,john.carter@contoso.example,FileModified,Falcon_Acquisition_Targets.xlsx,driveitem-falcon-acquisition-targets-002,https://contoso.sharepoint.com/sites/ProjectFalcon,172.16.136.11,,,,
2026-06-22T17:23:00Z,2026-06-22 12:23:00 CDT,alex.ross@contoso.example,FileAccessed,Vendor_Pricing.xlsx,driveitem-normal-002,https://contoso.sharepoint.com/sites/CorporateDocs,172.16.203.78,,,,
2026-06-22T17:23:00Z,2026-06-22 12:23:00 CDT,emily.choi@contoso.example,FileDownloaded,Project_Falcon_Strategy.docx,driveitem-project-falcon-strategy-001,https://contoso.sharepoint.com/sites/ProjectFalcon,172.16.184.235,,,,
2026-06-22T17:23:00Z,2026-06-22 12:23:00 CDT,john.carter@contoso.example,FilePreviewed,Q3_Forecast.xlsx,driveitem-normal-004,https://contoso.sharepoint.com/sites/CorporateDocs,172.16.86.17,,,,
2026-06-22T17:23:00Z,2026-06-22 12:23:00 CDT,michael.lee@contoso.example,FileDownloaded,Executive_Bonus_Plan.docx,driveitem-normal-003,https://contoso.sharepoint.com/sites/CorporateDocs,172.16.46.41,,,,
2026-06-22T17:24:00Z,2026-06-22 12:24:00 CDT,maria.gomez@contoso.example,FileDownloaded,Falcon_Acquisition_Targets.xlsx,driveitem-falcon-acquisition-targets-002,https://contoso.sharepoint.com/sites/ProjectFalcon,172.16.207.3,,,,
2026-06-22T17:24:00Z,2026-06-22 12:24:00 CDT,maria.gomez@contoso.example,FileDownloaded,Board_Meeting_Notes.docx,driveitem-normal-001,https://contoso.sharepoint.com/sites/CorporateDocs,172.16.40.161,,,,
2026-06-22T17:24:00Z,2026-06-22 12:24:00 CDT,emily.choi@contoso.example,FilePreviewed,Due_Diligence_Checklist.pdf,driveitem-normal-005,https://contoso.sharepoint.com/sites/CorporateDocs,172.16.10.178,,,,
2026-06-22T17:24:00Z,2026-06-22 12:24:00 CDT,john.carter@contoso.example,FileModified,HR_Transition_Plan.docx,driveitem-normal-009,https://contoso.sharepoint.com/sites/CorporateDocs,172.16.22.248,,,,
2026-06-22T17:25:00Z,2026-06-22 12:25:00 CDT,john.carter@contoso.example,FilePreviewed,HR_Transition_Plan.docx,driveitem-normal-009,https://contoso.sharepoint.com/sites/CorporateDocs,172.16.100.247,,,,
2026-06-22T17:25:00Z,2026-06-22 12:25:00 CDT,linda.park@contoso.example,FileDownloaded,Q3_Forecast.xlsx,driveitem-normal-004,https://contoso.sharepoint.com/sites/CorporateDocs,172.16.51.38,,,,
2026-06-22T17:25:00Z,2026-06-22 12:25:00 CDT,emily.choi@contoso.example,FileDownloaded,Vendor_Pricing.xlsx,driveitem-normal-002,https://contoso.sharepoint.com/sites/CorporateDocs,172.16.121.6,,,,
2026-06-22T17:25:00Z,2026-06-22 12:25:00 CDT,david.kim@contoso.example,FilePreviewed,Due_Diligence_Checklist.pdf,driveitem-normal-005,https://contoso.sharepoint.com/sites/CorporateDocs,172.16.19.80,,,,
2026-06-22T17:26:00Z,2026-06-22 12:26:00 CDT,linda.park@contoso.example,FileAccessed,Integration_Timeline.docx,driveitem-normal-010,https://contoso.sharepoint.com/sites/CorporateDocs,172.16.200.15,,,,
2026-06-22T17:26:00Z,2026-06-22 12:26:00 CDT,michael.lee@contoso.example,FilePreviewed,Project_Falcon_Strategy.docx,driveitem-project-falcon-strategy-001,https://contoso.sharepoint.com/sites/ProjectFalcon,172.16.190.149,,,,
2026-06-22T17:27:00Z,2026-06-22 12:27:00 CDT,john.carter@contoso.example,FileModified,Falcon_Acquisition_Targets.xlsx,driveitem-falcon-acquisition-targets-002,https://contoso.sharepoint.com/sites/ProjectFalcon,172.16.125.22,,,,
2026-06-22T17:27:00Z,2026-06-22 12:27:00 CDT,linda.park@contoso.example,FileModified,Falcon_Acquisition_Targets.xlsx,driveitem-falcon-acquisition-targets-002,https://contoso.sharepoint.com/sites/ProjectFalcon,172.16.31.250,,,,
2026-06-22T17:29:00Z,2026-06-22 12:29:00 CDT,michael.lee@contoso.example,FileDownloaded,Executive_Bonus_Plan.docx,driveitem-normal-003,https://contoso.sharepoint.com/sites/CorporateDocs,172.16.3.52,,,,
2026-06-22T17:29:00Z,2026-06-22 12:29:00 CDT,david.kim@contoso.example,FileModified,Q3_Forecast.xlsx,driveitem-normal-004,https://contoso.sharepoint.com/sites/CorporateDocs,172.16.40.194,,,,
2026-06-22T17:29:00Z,2026-06-22 12:29:00 CDT,sarah.chen@contoso.example,FileDownloaded,Q3_Forecast.xlsx,driveitem-normal-004,https://contoso.sharepoint.com/sites/CorporateDocs,172.16.146.34,,,,
2026-06-22T17:30:00Z,2026-06-22 12:30:00 CDT,emily.choi@contoso.example,FilePreviewed,Project_Falcon_Strategy.docx,driveitem-project-falcon-strategy-001,https://contoso.sharepoint.com/sites/ProjectFalcon,172.16.200.49,,,,
2026-06-22T17:30:00Z,2026-06-22 12:30:00 CDT,michael.lee@contoso.example,FilePreviewed,Vendor_Pricing.xlsx,driveitem-normal-002,https://contoso.sharepoint.com/sites/CorporateDocs,172.16.214.152,,,,
2026-06-22T17:31:00Z,2026-06-22 12:31:00 CDT,david.kim@contoso.example,FileDownloaded,Board_Meeting_Notes.docx,driveitem-normal-001,https://contoso.sharepoint.com/sites/CorporateDocs,172.16.189.11,,,,
2026-06-22T17:32:00Z,2026-06-22 12:32:00 CDT,maria.gomez@contoso.example,FileAccessed,Integration_Timeline.docx,driveitem-normal-010,https://contoso.sharepoint.com/sites/CorporateDocs,172.16.136.40,,,,
2026-06-22T17:32:00Z,2026-06-22 12:32:00 CDT,michael.lee@contoso.example,FileModified,Vendor_Pricing.xlsx,driveitem-normal-002,https://contoso.sharepoint.com/sites/CorporateDocs,172.16.116.159,,,,
2026-06-22T17:33:00Z,2026-06-22 12:33:00 CDT,john.carter@contoso.example,FileAccessed,Pricing_Model.xlsx,driveitem-normal-008,https://contoso.sharepoint.com/sites/CorporateDocs,172.16.87.15,,,,
2026-06-22T17:34:00Z,2026-06-22 12:34:00 CDT,john.carter@contoso.example,FileAccessed,Executive_Bonus_Plan.docx,driveitem-normal-003,https://contoso.sharepoint.com/sites/CorporateDocs,172.16.170.92,,,,
2026-06-22T17:36:00Z,2026-06-22 12:36:00 CDT,michael.lee@contoso.example,FileModified,Integration_Timeline.docx,driveitem-normal-010,https://contoso.sharepoint.com/sites/CorporateDocs,172.16.48.219,,,,
2026-06-22T17:36:00Z,2026-06-22 12:36:00 CDT,sarah.chen@contoso.example,FilePreviewed,Falcon_Acquisition_Targets.xlsx,driveitem-falcon-acquisition-targets-002,https://contoso.sharepoint.com/sites/ProjectFalcon,172.16.1.99,,,,
2026-06-22T17:37:00Z,2026-06-22 12:37:00 CDT,emily.choi@contoso.example,FilePreviewed,Project_Falcon_Strategy.docx,driveitem-project-falcon-strategy-001,https://contoso.sharepoint.com/sites/ProjectFalcon,172.16.9.201,,,,
2026-06-22T17:38:00Z,2026-06-22 12:38:00 CDT,maria.gomez@contoso.example,FilePreviewed,Board_Meeting_Notes.docx,driveitem-normal-001,https://contoso.sharepoint.com/sites/CorporateDocs,172.16.170.65,,,,
2026-06-22T17:38:00Z,2026-06-22 12:38:00 CDT,john.carter@contoso.example,FileModified,Due_Diligence_Checklist.pdf,driveitem-normal-005,https://contoso.sharepoint.com/sites/CorporateDocs,172.16.231.141,,,,
2026-06-22T17:38:00Z,2026-06-22 12:38:00 CDT,sarah.chen@contoso.example,FileDownloaded,Finance_Review.xlsx,driveitem-normal-006,https://contoso.sharepoint.com/sites/CorporateDocs,172.16.195.197,,,,
2026-06-22T17:39:00Z,2026-06-22 12:39:00 CDT,john.carter@contoso.example,FileDownloaded,Integration_Timeline.docx,driveitem-normal-010,https://contoso.sharepoint.com/sites/CorporateDocs,172.16.119.198,,,,
2026-06-22T17:40:00Z,2026-06-22 12:40:00 CDT,maria.gomez@contoso.example,FileModified,Due_Diligence_Checklist.pdf,driveitem-normal-005,https://contoso.sharepoint.com/sites/CorporateDocs,172.16.61.69,,,,
2026-06-22T17:40:00Z,2026-06-22 12:40:00 CDT,michael.lee@contoso.example,FileDownloaded,Finance_Review.xlsx,driveitem-normal-006,https://contoso.sharepoint.com/sites/CorporateDocs,172.16.250.223,,,,
2026-06-22T17:40:00Z,2026-06-22 12:40:00 CDT,alex.ross@contoso.example,FileDownloaded,Due_Diligence_Checklist.pdf,driveitem-normal-005,https://contoso.sharepoint.com/sites/CorporateDocs,172.16.135.54,,,,
2026-06-22T17:41:00Z,2026-06-22 12:41:00 CDT,david.kim@contoso.example,FileDownloaded,Board_Meeting_Notes.docx,driveitem-normal-001,https://contoso.sharepoint.com/sites/CorporateDocs,172.16.180.152,,,,
2026-06-22T17:42:00Z,2026-06-22 12:42:00 CDT,david.kim@contoso.example,FileAccessed,Vendor_Pricing.xlsx,driveitem-normal-002,https://contoso.sharepoint.com/sites/CorporateDocs,172.16.163.200,,,,
2026-06-22T17:42:00Z,2026-06-22 12:42:00 CDT,linda.park@contoso.example,FilePreviewed,Project_Falcon_Strategy.docx,driveitem-project-falcon-strategy-001,https://contoso.sharepoint.com/sites/ProjectFalcon,172.16.98.131,,,,
2026-06-22T17:42:00Z,2026-06-22 12:42:00 CDT,john.carter@contoso.example,FileModified,Customer_List.xlsx,driveitem-normal-007,https://contoso.sharepoint.com/sites/CorporateDocs,172.16.238.205,,,,
2026-06-22T17:43:00Z,2026-06-22 12:43:00 CDT,maria.gomez@contoso.example,FilePreviewed,Vendor_Pricing.xlsx,driveitem-normal-002,https://contoso.sharepoint.com/sites/CorporateDocs,172.16.186.10,,,,
2026-06-22T17:44:00Z,2026-06-22 12:44:00 CDT,linda.park@contoso.example,FileModified,HR_Transition_Plan.docx,driveitem-normal-009,https://contoso.sharepoint.com/sites/CorporateDocs,172.16.49.2,,,,
2026-06-22T17:44:00Z,2026-06-22 12:44:00 CDT,john.carter@contoso.example,FileModified,Customer_List.xlsx,driveitem-normal-007,https://contoso.sharepoint.com/sites/CorporateDocs,172.16.58.39,,,,
2026-06-22T17:45:00Z,2026-06-22 12:45:00 CDT,john.carter@contoso.example,FileModified,Executive_Bonus_Plan.docx,driveitem-normal-003,https://contoso.sharepoint.com/sites/CorporateDocs,172.16.226.250,,,,
2026-06-22T17:46:00Z,2026-06-22 12:46:00 CDT,david.kim@contoso.example,FileModified,Integration_Timeline.docx,driveitem-normal-010,https://contoso.sharepoint.com/sites/CorporateDocs,172.16.50.1,,,,
2026-06-22T17:47:00Z,2026-06-22 12:47:00 CDT,linda.park@contoso.example,FileDownloaded,Q3_Forecast.xlsx,driveitem-normal-004,https://contoso.sharepoint.com/sites/CorporateDocs,172.16.199.11,,,,
2026-06-22T17:48:00Z,2026-06-22 12:48:00 CDT,michael.lee@contoso.example,FileModified,Integration_Timeline.docx,driveitem-normal-010,https://contoso.sharepoint.com/sites/CorporateDocs,172.16.80.86,,,,
2026-06-22T17:48:00Z,2026-06-22 12:48:00 CDT,linda.park@contoso.example,FilePreviewed,Falcon_Acquisition_Targets.xlsx,driveitem-falcon-acquisition-targets-002,https://contoso.sharepoint.com/sites/ProjectFalcon,172.16.117.131,,,,
2026-06-22T17:49:00Z,2026-06-22 12:49:00 CDT,linda.park@contoso.example,FileAccessed,Due_Diligence_Checklist.pdf,driveitem-normal-005,https://contoso.sharepoint.com/sites/CorporateDocs,172.16.32.250,,,,
2026-06-22T17:49:00Z,2026-06-22 12:49:00 CDT,sarah.chen@contoso.example,FileDownloaded,Customer_List.xlsx,driveitem-normal-007,https://contoso.sharepoint.com/sites/CorporateDocs,172.16.216.141,,,,
2026-06-22T17:49:00Z,2026-06-22 12:49:00 CDT,alex.ross@contoso.example,FileDownloaded,Vendor_Pricing.xlsx,driveitem-normal-002,https://contoso.sharepoint.com/sites/CorporateDocs,172.16.22.227,,,,
2026-06-22T17:50:00Z,2026-06-22 12:50:00 CDT,sarah.chen@contoso.example,FileModified,Falcon_Acquisition_Targets.xlsx,driveitem-falcon-acquisition-targets-002,https://contoso.sharepoint.com/sites/ProjectFalcon,172.16.10.188,,,,
2026-06-22T17:51:00Z,2026-06-22 12:51:00 CDT,john.carter@contoso.example,FileDownloaded,Finance_Review.xlsx,driveitem-normal-006,https://contoso.sharepoint.com/sites/CorporateDocs,172.16.117.132,,,,
2026-06-22T17:51:00Z,2026-06-22 12:51:00 CDT,alex.ross@contoso.example,FileDownloaded,Pricing_Model.xlsx,driveitem-normal-008,https://contoso.sharepoint.com/sites/CorporateDocs,172.16.91.246,,,,
2026-06-22T17:52:00Z,2026-06-22 12:52:00 CDT,linda.park@contoso.example,FilePreviewed,HR_Transition_Plan.docx,driveitem-normal-009,https://contoso.sharepoint.com/sites/CorporateDocs,172.16.156.25,,,,
2026-06-22T17:54:00Z,2026-06-22 12:54:00 CDT,emily.choi@contoso.example,FileDownloaded,HR_Transition_Plan.docx,driveitem-normal-009,https://contoso.sharepoint.com/sites/CorporateDocs,172.16.57.193,,,,
2026-06-22T17:55:00Z,2026-06-22 12:55:00 CDT,alex.ross@contoso.example,FileDownloaded,Finance_Review.xlsx,driveitem-normal-006,https://contoso.sharepoint.com/sites/CorporateDocs,172.16.107.239,,,,
2026-06-22T17:56:00Z,2026-06-22 12:56:00 CDT,linda.park@contoso.example,FileAccessed,Executive_Bonus_Plan.docx,driveitem-normal-003,https://contoso.sharepoint.com/sites/CorporateDocs,172.16.225.185,,,,
2026-06-22T17:56:00Z,2026-06-22 12:56:00 CDT,emily.choi@contoso.example,FileModified,Integration_Timeline.docx,driveitem-normal-010,https://contoso.sharepoint.com/sites/CorporateDocs,172.16.16.162,,,,
2026-06-22T17:57:00Z,2026-06-22 12:57:00 CDT,michael.lee@contoso.example,FileModified,Pricing_Model.xlsx,driveitem-normal-008,https://contoso.sharepoint.com/sites/CorporateDocs,172.16.222.118,,,,
2026-06-22T17:59:00Z,2026-06-22 12:59:00 CDT,michael.lee@contoso.example,FileModified,Vendor_Pricing.xlsx,driveitem-normal-002,https://contoso.sharepoint.com/sites/CorporateDocs,172.16.197.110,,,,
2026-06-22T18:00:00Z,2026-06-22 13:00:00 CDT,sarah.chen@contoso.example,FilePreviewed,Falcon_Acquisition_Targets.xlsx,driveitem-falcon-acquisition-targets-002,https://contoso.sharepoint.com/sites/ProjectFalcon,172.16.43.102,,,,
2026-06-22T18:00:00Z,2026-06-22 13:00:00 CDT,john.carter@contoso.example,FileAccessed,Falcon_Acquisition_Targets.xlsx,driveitem-falcon-acquisition-targets-002,https://contoso.sharepoint.com/sites/ProjectFalcon,172.16.116.117,,,,
